user_id,country,plan,signup_date
U100000,SE,Free,2025-04-25
U100001,IT,Premium_Individual,2025-08-11
U100002,PL,Student,2024-11-14
U100003,UK,Premium_Duo,2024-07-10
U100004,FR,Free,2025-07-03
U100005,PT,Free,2024-04-08
U100006,SE,Premium_Family,2024-07-31
U100007,SE,Premium_Family,2025-09-26
U100008,FR,Premium_Individual,2023-11-06
U100009,IT,Premium_Individual,2026-01-13
U100010,ES,Premium_Individual,2024-07-18
U100011,PT,Free,2025-01-25
U100012,BE,Free,2024-07-18
U100013,PL,Free,2024-04-01
U100014,IT,Free,2024-06-18
U100015,DE,Premium_Duo,2024-07-20
U100016,NL,Free,2024-02-02
U100017,FR,Free,2024-06-05
U100018,PL,Premium_Individual,2024-02-26
U100019,BE,Free,2025-02-27
U100020,SE,Free,2025-08-24
U100021,ES,Premium_Individual,2025-07-27
U100022,PT,Free,2024-08-24
U100023,PL,Premium_Individual,2024-11-04
U100024,SE,Premium_Family,2025-12-15
U100025,DE,Free,2025-08-23
U100026,IT,Premium_Family,2023-10-11
U100027,FR,Premium_Family,2024-05-14
U100028,FR,Premium_Duo,2024-04-18
U100029,UK,Premium_Individual,2025-08-30
U100030,UK,Premium_Individual,2025-12-26
U100031,PT,Premium_Individual,2025-06-06
U100032,ES,Premium_Individual,2024-01-18
U100033,ES,Free,2024-11-26
U100034,IT,Student,2024-03-23
U100035,DE,Premium_Individual,2024-12-14
U100036,FR,Premium_Individual,2024-12-11
U100037,IT,Free,2024-09-03
U100038,DE,Free,2023-10-19
U100039,UK,Premium_Individual,2025-01-27
U100040,IT,Premium_Individual,2024-09-07
U100041,PL,Free,2023-11-23
U100042,UK,Free,2025-03-26
U100043,ES,Free,2024-02-02
U100044,PL,Premium_Individual,2024-11-01
U100045,SE,Free,2023-12-29
U100046,ES,Student,2024-12-31
U100047,DE,Free,2024-08-08
U100048,UK,Free,2025-05-09
U100049,FR,Free,2024-08-03
U100050,DE,Premium_Individual,2025-05-06
U100051,FR,Premium_Individual,2024-08-26
U100052,SE,Premium_Individual,2024-03-19
U100053,UK,Student,2025-01-29
U100054,UK,Free,2025-02-03
U100055,SE,Premium_Individual,2025-05-10
U100056,IT,Free,2024-05-10
U100057,NL,Free,2024-09-11
U100058,FR,Premium_Individual,2024-11-17
U100059,FR,Free,2026-01-30
U100060,UK,Premium_Individual,2025-11-15
U100061,IT,Premium_Individual,2026-02-15
U100062,NL,Premium_Individual,2024-01-24
U100063,SE,Premium_Individual,2024-01-23
U100064,BE,Premium_Individual,2025-12-23
U100065,NL,Free,2026-01-11
U100066,NL,Free,2024-03-26
U100067,ES,Free,2024-11-10
U100068,FR,Premium_Individual,2025-05-22
U100069,IT,Student,2024-08-21
U100070,DE,Free,2025-07-25
U100071,IT,Premium_Individual,2025-08-29
U100072,PL,Premium_Individual,2025-03-30
U100073,DE,Premium_Duo,2023-12-15
U100074,FR,Premium_Individual,2024-04-07
U100075,DE,Premium_Individual,2025-09-05
U100076,DE,Premium_Individual,2024-10-08
U100077,UK,Premium_Duo,2023-12-25
U100078,NL,Free,2023-10-26
U100079,SE,Premium_Family,2024-04-11
U100080,UK,Free,2025-10-29
U100081,IT,Premium_Duo,2025-07-22
U100082,SE,Free,2025-08-10
U100083,FR,Free,2025-10-10
U100084,FR,Free,2025-09-18
U100085,FR,Free,2025-05-15
U100086,UK,Free,2024-10-13
U100087,IT,Free,2025-03-03
U100088,FR,Premium_Individual,2025-02-11
U100089,NL,Free,2025-07-17
U100090,FR,Premium_Individual,2025-10-10
U100091,UK,Premium_Family,2023-09-13
U100092,IT,Premium_Individual,2024-09-05
U100093,ES,Free,2025-07-31
U100094,ES,Free,2024-02-29
U100095,BE,Premium_Family,2024-02-11
U100096,ES,Free,2023-10-12
U100097,FR,Free,2025-10-02
U100098,FR,Premium_Family,2024-07-30
U100099,PT,Student,2023-09-30
U100100,PL,Free,2024-03-03
U100101,UK,Premium_Individual,2025-08-04
U100102,DE,Premium_Individual,2023-12-17
U100103,PT,Premium_Individual,2025-02-10
U100104,SE,Free,2024-12-12
U100105,UK,Free,2024-10-11
U100106,IT,Premium_Individual,2024-04-04
U100107,DE,Free,2025-11-06
U100108,FR,Premium_Individual,2024-10-28
U100109,PL,Free,2024-02-23
U100110,IT,Premium_Family,2024-10-20
U100111,DE,Premium_Duo,2025-06-21
U100112,ES,Premium_Individual,2026-01-02
U100113,NL,Premium_Individual,2024-10-19
U100114,FR,Free,2024-06-03
U100115,PL,Premium_Individual,2024-10-19
U100116,SE,Free,2023-10-01
U100117,UK,Premium_Duo,2024-09-01
U100118,IT,Premium_Duo,2024-11-25
U100119,BE,Premium_Family,2026-01-03
U100120,BE,Premium_Family,2024-10-11
U100121,BE,Student,2025-09-24
U100122,FR,Free,2024-05-15
U100123,IT,Premium_Family,2025-10-01
U100124,FR,Premium_Individual,2023-12-05
U100125,IT,Free,2025-05-28
U100126,ES,Premium_Individual,2025-01-30
U100127,FR,Free,2025-10-15
U100128,FR,Free,2025-08-17
U100129,BE,Free,2023-11-21
U100130,FR,Free,2025-06-13
U100131,PT,Premium_Individual,2024-11-20
U100132,BE,Premium_Family,2023-09-29
U100133,ES,Premium_Individual,2024-08-14
U100134,BE,Premium_Individual,2026-01-15
U100135,FR,Free,2025-04-08
U100136,PT,Premium_Individual,2025-03-13
U100137,IT,Free,2025-06-20
U100138,SE,Premium_Duo,2025-07-21
U100139,FR,Free,2024-11-29
U100140,IT,Premium_Individual,2025-03-22
U100141,IT,Premium_Individual,2025-06-04
U100142,PT,Premium_Individual,2025-02-18
U100143,NL,Premium_Duo,2025-04-21
U100144,IT,Free,2025-08-01
U100145,DE,Premium_Family,2025-01-13
U100146,ES,Premium_Individual,2023-11-03
U100147,NL,Premium_Individual,2024-11-27
U100148,IT,Premium_Individual,2024-09-06
U100149,FR,Premium_Duo,2023-09-27
U100150,PL,Student,2024-08-23
U100151,PL,Free,2025-08-06
U100152,FR,Premium_Duo,2025-03-03
U100153,NL,Premium_Individual,2024-12-13
U100154,FR,Premium_Individual,2024-12-25
U100155,UK,Premium_Family,2025-10-11
U100156,DE,Free,2025-11-19
U100157,UK,Premium_Individual,2025-04-15
U100158,UK,Free,2023-11-28
U100159,SE,Free,2024-05-22
U100160,FR,Premium_Duo,2024-02-01
U100161,PL,Free,2025-09-19
U100162,DE,Free,2025-02-17
U100163,FR,Free,2024-09-20
U100164,NL,Premium_Individual,2025-01-30
U100165,ES,Premium_Duo,2025-02-14
U100166,PL,Premium_Family,2025-04-06
U100167,SE,Free,2026-01-06
U100168,ES,Premium_Individual,2024-01-18
U100169,PT,Premium_Individual,2023-11-11
U100170,DE,Premium_Individual,2025-12-11
U100171,NL,Free,2025-02-17
U100172,DE,Free,2024-11-16
U100173,PT,Premium_Individual,2024-03-23
U100174,FR,Premium_Individual,2023-09-24
U100175,FR,Premium_Individual,2025-02-15
U100176,IT,Premium_Individual,2024-04-24
U100177,PT,Premium_Duo,2023-11-07
U100178,PL,Premium_Individual,2024-02-11
U100179,UK,Free,2025-06-07
U100180,PL,Premium_Duo,2024-02-22
U100181,PL,Premium_Duo,2025-02-18
U100182,NL,Free,2026-02-06
U100183,ES,Premium_Individual,2024-04-15
U100184,SE,Free,2024-02-06
U100185,UK,Premium_Individual,2025-04-21
U100186,ES,Free,2025-01-15
U100187,FR,Premium_Individual,2025-04-02
U100188,UK,Free,2025-11-09
U100189,DE,Premium_Individual,2023-09-17
U100190,PT,Premium_Family,2026-02-01
U100191,DE,Free,2024-10-13
U100192,FR,Premium_Family,2026-02-08
U100193,PL,Student,2024-06-16
U100194,FR,Premium_Family,2023-12-10
U100195,FR,Free,2024-07-27
U100196,BE,Premium_Duo,2024-08-29
U100197,PL,Free,2024-02-13
U100198,DE,Free,2023-10-06
U100199,ES,Premium_Family,2024-01-14
U100200,SE,Premium_Individual,2025-07-30
U100201,PT,Premium_Individual,2024-10-07
U100202,NL,Free,2024-02-21
U100203,FR,Premium_Duo,2025-06-03
U100204,FR,Premium_Individual,2024-06-29
U100205,DE,Premium_Individual,2026-02-01
U100206,FR,Premium_Family,2023-12-31
U100207,UK,Free,2024-08-22
U100208,FR,Free,2024-04-29
U100209,NL,Premium_Individual,2024-02-15
U100210,UK,Student,2025-08-10
U100211,BE,Free,2025-01-15
U100212,DE,Free,2024-01-17
U100213,SE,Free,2025-09-27
U100214,UK,Premium_Duo,2024-02-18
U100215,UK,Free,2025-06-09
U100216,FR,Premium_Individual,2024-09-26
U100217,FR,Student,2024-11-23
U100218,PT,Free,2024-06-18
U100219,ES,Premium_Individual,2024-02-05
U100220,ES,Premium_Individual,2025-04-16
U100221,IT,Premium_Duo,2025-09-21
U100222,UK,Free,2025-02-09
U100223,PT,Free,2024-08-24
U100224,DE,Free,2024-04-22
U100225,PT,Premium_Individual,2024-04-20
U100226,FR,Premium_Individual,2025-04-24
U100227,NL,Free,2023-11-09
U100228,BE,Free,2025-12-09
U100229,FR,Premium_Family,2025-11-09
U100230,FR,Free,2026-01-30
U100231,IT,Free,2023-11-17
U100232,PT,Premium_Individual,2025-09-14
U100233,BE,Free,2024-09-02
U100234,PT,Free,2024-02-27
U100235,SE,Premium_Individual,2024-04-08
U100236,IT,Free,2023-10-28
U100237,SE,Premium_Individual,2026-01-04
U100238,FR,Premium_Individual,2025-02-23
U100239,FR,Premium_Individual,2024-11-27
U100240,PL,Free,2024-06-10
U100241,SE,Premium_Duo,2024-08-14
U100242,DE,Free,2024-10-09
U100243,NL,Premium_Individual,2025-05-23
U100244,BE,Free,2025-11-18
U100245,PL,Premium_Individual,2025-02-01
U100246,BE,Free,2025-07-05
U100247,IT,Free,2024-10-15
U100248,ES,Premium_Individual,2024-03-12
U100249,IT,Free,2024-10-16
U100250,UK,Free,2024-09-19
U100251,PL,Premium_Individual,2026-01-15
U100252,IT,Premium_Duo,2024-07-26
U100253,DE,Free,2025-01-25
U100254,DE,Premium_Family,2025-11-03
U100255,UK,Premium_Individual,2025-08-15
U100256,SE,Premium_Duo,2024-03-26
U100257,FR,Premium_Individual,2023-11-26
U100258,FR,Premium_Individual,2024-11-25
U100259,BE,Premium_Individual,2023-10-03
U100260,FR,Premium_Individual,2025-09-14
U100261,PL,Premium_Family,2025-05-30
U100262,ES,Free,2023-11-14
U100263,FR,Free,2025-09-18
U100264,PT,Free,2024-07-13
U100265,FR,Premium_Family,2025-08-09
U100266,DE,Free,2025-05-02
U100267,FR,Premium_Individual,2024-12-22
U100268,FR,Premium_Duo,2025-04-06
U100269,FR,Student,2024-01-03
U100270,FR,Free,2023-10-07
U100271,FR,Premium_Individual,2024-12-02
U100272,FR,Premium_Family,2024-11-09
U100273,BE,Free,2026-01-03
U100274,UK,Premium_Individual,2025-07-27
U100275,ES,Free,2026-01-17
U100276,ES,Premium_Individual,2024-01-19
U100277,NL,Premium_Individual,2025-08-02
U100278,PL,Free,2025-04-23
U100279,PL,Free,2024-01-31
U100280,FR,Free,2024-05-26
U100281,DE,Free,2024-08-16
U100282,DE,Premium_Individual,2026-01-18
U100283,DE,Free,2024-10-07
U100284,NL,Free,2024-10-09
U100285,IT,Premium_Individual,2025-05-13
U100286,FR,Premium_Individual,2024-04-27
U100287,ES,Premium_Individual,2023-11-15
U100288,NL,Premium_Family,2025-07-05
U100289,FR,Free,2025-05-02
U100290,PL,Premium_Duo,2025-05-10
U100291,FR,Free,2024-02-07
U100292,PT,Premium_Individual,2025-12-14
U100293,FR,Student,2023-12-14
U100294,PL,Premium_Duo,2024-03-31
U100295,PL,Premium_Individual,2024-12-17
U100296,PT,Premium_Individual,2024-09-18
U100297,SE,Free,2023-12-16
U100298,SE,Premium_Individual,2024-04-05
U100299,BE,Premium_Individual,2025-06-19
U100300,SE,Student,2026-01-07
U100301,FR,Premium_Individual,2024-07-14
U100302,NL,Free,2025-10-14
U100303,NL,Premium_Individual,2025-12-05
U100304,PL,Free,2023-09-28
U100305,IT,Free,2024-12-25
U100306,ES,Free,2024-07-20
U100307,BE,Premium_Individual,2025-08-11
U100308,DE,Free,2025-11-23
U100309,FR,Free,2025-12-27
U100310,IT,Free,2025-04-11
U100311,IT,Premium_Family,2026-02-18
U100312,DE,Premium_Individual,2025-02-11
U100313,ES,Free,2025-05-07
U100314,ES,Free,2024-11-08
U100315,ES,Premium_Individual,2024-09-13
U100316,ES,Free,2025-05-22
U100317,UK,Premium_Individual,2025-01-11
U100318,DE,Free,2025-12-14
U100319,PT,Premium_Family,2025-05-28
U100320,PL,Free,2023-10-02
U100321,IT,Premium_Individual,2023-09-20
U100322,ES,Free,2024-12-15
U100323,NL,Student,2023-11-06
U100324,PL,Student,2024-12-01
U100325,UK,Premium_Individual,2025-11-01
U100326,SE,Premium_Individual,2024-01-08
U100327,NL,Free,2025-02-16
U100328,BE,Premium_Duo,2024-08-24
U100329,DE,Premium_Individual,2024-07-22
U100330,UK,Free,2025-05-22
U100331,DE,Premium_Individual,2024-05-07
U100332,UK,Premium_Individual,2024-12-01
U100333,PL,Premium_Duo,2025-03-31
U100334,FR,Premium_Individual,2025-05-31
U100335,BE,Premium_Individual,2024-04-26
U100336,FR,Premium_Individual,2025-07-14
U100337,UK,Free,2025-11-03
U100338,FR,Free,2023-12-27
U100339,PT,Free,2025-05-01
U100340,FR,Premium_Individual,2024-07-29
U100341,PT,Free,2024-05-23
U100342,SE,Free,2024-02-04
U100343,BE,Free,2024-08-12
U100344,SE,Free,2024-05-30
U100345,SE,Premium_Individual,2024-02-05
U100346,PT,Free,2023-11-02
U100347,DE,Free,2026-01-11
U100348,BE,Premium_Individual,2024-04-29
U100349,FR,Free,2025-09-19
U100350,BE,Free,2023-12-19
U100351,FR,Free,2026-01-09
U100352,NL,Premium_Duo,2025-07-16
U100353,NL,Free,2025-09-03
U100354,IT,Premium_Individual,2024-09-01
U100355,NL,Premium_Family,2026-02-18
U100356,SE,Premium_Individual,2026-02-06
U100357,SE,Free,2024-11-28
U100358,IT,Premium_Individual,2023-10-08
U100359,BE,Premium_Individual,2024-11-07
U100360,PT,Free,2025-01-19
U100361,FR,Premium_Individual,2024-07-14
U100362,FR,Free,2024-10-17
U100363,FR,Free,2025-03-15
U100364,UK,Free,2024-09-14
U100365,IT,Free,2026-02-19
U100366,SE,Free,2025-07-18
U100367,UK,Premium_Individual,2024-06-30
U100368,ES,Premium_Family,2025-04-22
U100369,PL,Free,2026-01-04
U100370,SE,Premium_Individual,2025-11-02
U100371,DE,Premium_Individual,2024-01-10
U100372,ES,Free,2025-05-03
U100373,ES,Free,2026-02-01
U100374,FR,Free,2024-05-12
U100375,FR,Free,2024-11-05
U100376,PT,Free,2025-01-14
U100377,IT,Free,2023-12-15
U100378,ES,Premium_Individual,2025-05-17
U100379,UK,Free,2024-09-28
U100380,NL,Free,2024-04-27
U100381,PT,Free,2024-08-27
U100382,SE,Premium_Individual,2025-08-20
U100383,IT,Free,2024-06-23
U100384,ES,Premium_Individual,2024-04-29
U100385,PT,Free,2025-11-04
U100386,UK,Free,2025-09-27
U100387,PT,Premium_Family,2024-06-29
U100388,FR,Free,2025-11-07
U100389,PL,Free,2023-12-28
U100390,BE,Free,2025-11-16
U100391,FR,Student,2023-10-06
U100392,BE,Premium_Individual,2024-07-02
U100393,UK,Premium_Individual,2025-01-22
U100394,FR,Student,2025-06-27
U100395,IT,Free,2025-04-20
U100396,PL,Student,2024-04-24
U100397,DE,Free,2024-04-20
U100398,IT,Premium_Individual,2025-08-19
U100399,IT,Free,2024-10-25
U100400,ES,Free,2023-09-19
U100401,PL,Premium_Family,2025-07-07
U100402,SE,Free,2024-06-12
U100403,FR,Student,2025-09-21
U100404,PT,Free,2024-02-08
U100405,PL,Premium_Individual,2025-09-22
U100406,DE,Student,2025-06-01
U100407,PL,Free,2025-01-07
U100408,FR,Premium_Family,2025-03-28
U100409,PT,Premium_Individual,2025-09-23
U100410,UK,Premium_Individual,2024-07-29
U100411,UK,Free,2026-02-04
U100412,FR,Premium_Individual,2023-09-27
U100413,PL,Premium_Individual,2026-01-06
U100414,FR,Premium_Individual,2025-04-29
U100415,DE,Free,2023-11-14
U100416,FR,Free,2025-10-06
U100417,SE,Premium_Duo,2025-12-18
U100418,DE,Free,2024-04-28
U100419,PL,Premium_Individual,2025-12-18
U100420,UK,Student,2023-12-11
U100421,FR,Free,2025-01-15
U100422,FR,Free,2024-01-07
U100423,FR,Premium_Individual,2025-07-18
U100424,BE,Free,2025-10-18
U100425,SE,Premium_Individual,2023-10-16
U100426,DE,Premium_Individual,2024-04-12
U100427,PL,Premium_Individual,2023-12-01
U100428,FR,Free,2025-05-12
U100429,SE,Premium_Individual,2025-02-25
U100430,PT,Premium_Individual,2024-09-24
U100431,SE,Free,2025-01-17
U100432,UK,Premium_Individual,2025-07-20
U100433,PL,Premium_Family,2025-03-24
U100434,FR,Premium_Individual,2024-08-27
U100435,DE,Premium_Individual,2026-01-19
U100436,FR,Free,2025-04-28
U100437,NL,Free,2025-06-05
U100438,UK,Free,2025-12-21
U100439,BE,Free,2025-11-04
U100440,PL,Student,2024-12-06
U100441,FR,Free,2025-11-22
U100442,UK,Premium_Duo,2025-04-20
U100443,DE,Free,2024-10-09
U100444,DE,Free,2024-01-03
U100445,UK,Free,2025-11-25
U100446,PT,Free,2025-01-29
U100447,BE,Premium_Individual,2025-11-22
U100448,FR,Student,2025-02-04
U100449,BE,Premium_Family,2024-12-19
U100450,FR,Free,2024-03-10
U100451,PL,Premium_Individual,2025-01-23
U100452,UK,Free,2023-11-09
U100453,FR,Premium_Family,2025-10-22
U100454,FR,Premium_Individual,2026-01-05
U100455,DE,Free,2026-02-18
U100456,PT,Free,2025-04-09
U100457,IT,Free,2025-09-02
U100458,SE,Free,2025-12-02
U100459,BE,Premium_Family,2025-07-26
U100460,NL,Premium_Individual,2023-10-05
U100461,FR,Student,2024-03-09
U100462,PT,Free,2026-02-05
U100463,ES,Premium_Individual,2023-11-27
U100464,NL,Free,2025-08-22
U100465,UK,Premium_Individual,2025-02-24
U100466,BE,Free,2025-05-05
U100467,PT,Free,2025-02-25
U100468,FR,Premium_Individual,2024-04-13
U100469,NL,Free,2024-05-26
U100470,IT,Premium_Individual,2024-09-09
U100471,IT,Premium_Individual,2024-08-11
U100472,FR,Free,2024-05-13
U100473,FR,Premium_Family,2025-09-10
U100474,DE,Premium_Individual,2025-03-05
U100475,ES,Premium_Duo,2025-11-17
U100476,IT,Premium_Individual,2024-06-03
U100477,BE,Premium_Individual,2025-01-27
U100478,BE,Premium_Individual,2024-08-01
U100479,IT,Premium_Family,2024-10-05
U100480,IT,Premium_Individual,2025-06-22
U100481,DE,Free,2025-10-21
U100482,BE,Free,2023-10-07
U100483,ES,Premium_Individual,2025-06-05
U100484,FR,Free,2025-11-16
U100485,IT,Free,2025-05-24
U100486,IT,Free,2023-12-09
U100487,DE,Premium_Individual,2025-07-03
U100488,NL,Free,2023-09-24
U100489,NL,Premium_Individual,2025-01-06
U100490,UK,Premium_Individual,2024-01-14
U100491,BE,Premium_Duo,2024-07-18
U100492,UK,Free,2026-01-13
U100493,ES,Premium_Individual,2024-11-24
U100494,SE,Premium_Individual,2025-02-14
U100495,NL,Premium_Individual,2025-08-26
U100496,IT,Premium_Individual,2024-10-18
U100497,BE,Free,2025-11-22
U100498,ES,Student,2024-06-08
U100499,NL,Free,2024-02-19
U100500,UK,Premium_Duo,2025-12-01
U100501,PL,Premium_Individual,2024-12-20
U100502,PT,Free,2024-07-16
U100503,NL,Premium_Individual,2025-12-28
U100504,NL,Free,2025-03-11
U100505,SE,Premium_Individual,2025-07-06
U100506,ES,Premium_Individual,2026-01-17
U100507,PL,Free,2024-03-05
U100508,IT,Free,2025-01-20
U100509,FR,Premium_Individual,2024-04-21
U100510,FR,Free,2024-09-15
U100511,PL,Premium_Family,2024-01-01
U100512,FR,Premium_Individual,2023-09-15
U100513,DE,Premium_Individual,2024-09-02
U100514,ES,Free,2025-04-13
U100515,FR,Premium_Individual,2025-02-09
U100516,ES,Premium_Family,2024-02-15
U100517,UK,Free,2025-02-06
U100518,FR,Free,2024-11-14
U100519,PL,Free,2025-09-01
U100520,PL,Free,2023-09-21
U100521,ES,Premium_Individual,2024-07-20
U100522,FR,Premium_Individual,2025-05-03
U100523,BE,Premium_Individual,2024-09-17
U100524,FR,Free,2025-02-28
U100525,ES,Free,2025-10-06
U100526,PT,Free,2024-01-02
U100527,PT,Premium_Duo,2023-12-24
U100528,SE,Premium_Individual,2024-02-07
U100529,ES,Free,2025-03-29
U100530,UK,Premium_Individual,2025-07-08
U100531,UK,Free,2026-01-08
U100532,ES,Free,2024-05-09
U100533,BE,Free,2025-05-05
U100534,FR,Student,2023-12-18
U100535,DE,Premium_Individual,2024-01-07
U100536,NL,Premium_Individual,2025-10-30
U100537,FR,Free,2023-11-26
U100538,FR,Free,2025-10-19
U100539,PL,Premium_Individual,2024-12-11
U100540,PT,Free,2024-12-25
U100541,NL,Premium_Family,2023-10-21
U100542,PL,Premium_Individual,2024-07-15
U100543,PT,Free,2024-01-02
U100544,FR,Premium_Individual,2024-09-07
U100545,IT,Student,2024-02-16
U100546,ES,Premium_Individual,2024-01-23
U100547,FR,Premium_Individual,2024-01-16
U100548,SE,Premium_Family,2025-02-19
U100549,IT,Free,2025-03-17
U100550,IT,Premium_Family,2023-09-26
U100551,FR,Free,2024-04-17
U100552,DE,Premium_Individual,2023-11-25
U100553,PL,Premium_Individual,2024-09-24
U100554,FR,Premium_Individual,2023-11-15
U100555,DE,Premium_Individual,2024-05-20
U100556,DE,Premium_Individual,2024-04-29
U100557,IT,Free,2025-09-16
U100558,BE,Free,2024-10-03
U100559,IT,Free,2024-05-09
U100560,FR,Premium_Individual,2024-04-13
U100561,DE,Free,2023-10-20
U100562,PL,Free,2025-05-06
U100563,BE,Premium_Family,2025-05-27
U100564,BE,Free,2023-10-10
U100565,UK,Free,2023-09-25
U100566,SE,Free,2025-09-14
U100567,FR,Free,2025-03-21
U100568,ES,Premium_Individual,2023-10-29
U100569,NL,Free,2025-08-27
U100570,ES,Free,2024-03-24
U100571,PL,Student,2025-11-13
U100572,IT,Premium_Duo,2025-09-15
U100573,SE,Premium_Individual,2024-03-23
U100574,PL,Premium_Duo,2024-08-28
U100575,NL,Premium_Family,2024-10-14
U100576,PL,Free,2024-01-19
U100577,BE,Premium_Individual,2025-05-23
U100578,PL,Premium_Individual,2024-11-29
U100579,ES,Free,2024-08-27
U100580,IT,Free,2024-05-02
U100581,NL,Free,2025-05-01
U100582,FR,Premium_Individual,2024-08-05
U100583,ES,Premium_Individual,2025-01-17
U100584,PL,Premium_Individual,2024-10-26
U100585,BE,Free,2024-01-13
U100586,FR,Free,2025-03-07
U100587,ES,Premium_Individual,2024-07-05
U100588,DE,Premium_Individual,2023-11-03
U100589,FR,Premium_Family,2024-04-12
U100590,PT,Premium_Family,2023-09-23
U100591,IT,Premium_Family,2024-09-18
U100592,ES,Premium_Duo,2025-06-15
U100593,BE,Student,2023-09-20
U100594,FR,Premium_Individual,2024-07-26
U100595,DE,Free,2025-07-21
U100596,UK,Free,2025-05-14
U100597,BE,Free,2025-07-02
U100598,PT,Free,2024-02-08
U100599,BE,Free,2025-12-01
U100600,IT,Student,2024-05-02
U100601,SE,Free,2024-10-15
U100602,PL,Student,2025-12-18
U100603,UK,Premium_Individual,2024-08-23
U100604,PT,Premium_Individual,2024-04-20
U100605,SE,Premium_Individual,2024-05-14
U100606,PL,Free,2024-11-07
U100607,FR,Premium_Individual,2025-04-28
U100608,UK,Free,2025-09-28
U100609,IT,Premium_Family,2026-02-11
U100610,NL,Free,2025-04-06
U100611,UK,Free,2024-08-06
U100612,PT,Premium_Individual,2026-01-19
U100613,PT,Premium_Individual,2023-09-14
U100614,DE,Premium_Individual,2024-09-16
U100615,UK,Premium_Individual,2025-06-03
U100616,UK,Free,2023-10-16
U100617,ES,Premium_Individual,2025-09-10
U100618,FR,Free,2023-10-20
U100619,FR,Free,2025-06-15
U100620,SE,Free,2025-03-19
U100621,IT,Free,2025-02-07
U100622,PT,Free,2023-09-17
U100623,IT,Premium_Individual,2025-07-12
U100624,PT,Free,2023-10-07
U100625,IT,Free,2025-04-18
U100626,SE,Premium_Individual,2025-06-12
U100627,FR,Free,2024-08-01
U100628,NL,Premium_Individual,2024-06-12
U100629,SE,Premium_Family,2025-04-19
U100630,PT,Free,2025-10-25
U100631,PL,Premium_Family,2025-03-05
U100632,FR,Free,2024-10-27
U100633,ES,Free,2026-01-17
U100634,FR,Premium_Individual,2025-12-13
U100635,FR,Premium_Individual,2023-11-25
U100636,UK,Premium_Duo,2026-01-20
U100637,UK,Free,2025-02-23
U100638,SE,Premium_Individual,2024-04-10
U100639,PL,Free,2025-05-04
U100640,UK,Free,2024-12-07
U100641,SE,Free,2025-12-06
U100642,FR,Student,2024-03-14
U100643,DE,Free,2024-08-04
U100644,BE,Premium_Duo,2024-01-23
U100645,PL,Premium_Individual,2024-01-12
U100646,FR,Premium_Individual,2025-04-14
U100647,NL,Premium_Individual,2026-01-16
U100648,UK,Premium_Duo,2025-04-18
U100649,FR,Free,2025-10-15
U100650,IT,Free,2024-11-02
U100651,PL,Premium_Individual,2025-10-14
U100652,UK,Free,2023-11-21
U100653,DE,Free,2024-09-02
U100654,PL,Free,2025-07-11
U100655,ES,Free,2023-11-22
U100656,PL,Free,2024-04-05
U100657,DE,Free,2025-01-27
U100658,BE,Premium_Family,2025-10-14
U100659,ES,Free,2025-04-20
U100660,DE,Student,2024-09-18
U100661,PL,Student,2024-04-09
U100662,DE,Free,2025-07-03
U100663,FR,Premium_Individual,2024-04-29
U100664,ES,Premium_Individual,2025-06-14
U100665,UK,Premium_Individual,2025-07-16
U100666,SE,Free,2025-01-18
U100667,PT,Free,2025-10-01
U100668,DE,Free,2025-02-25
U100669,IT,Premium_Individual,2025-04-08
U100670,FR,Student,2025-06-16
U100671,NL,Premium_Individual,2024-03-31
U100672,PT,Premium_Individual,2025-05-01
U100673,UK,Student,2024-06-11
U100674,BE,Premium_Individual,2024-05-19
U100675,ES,Free,2024-07-07
U100676,PL,Premium_Duo,2025-06-26
U100677,IT,Free,2024-02-12
U100678,FR,Free,2025-07-25
U100679,ES,Premium_Individual,2025-06-19
U100680,FR,Premium_Family,2024-01-02
U100681,DE,Free,2025-04-24
U100682,FR,Premium_Individual,2024-06-09
U100683,IT,Free,2026-01-15
U100684,BE,Free,2024-08-22
U100685,ES,Free,2024-01-08
U100686,IT,Premium_Individual,2024-05-30
U100687,PT,Premium_Duo,2024-09-19
U100688,SE,Free,2024-01-25
U100689,NL,Free,2025-05-31
U100690,DE,Free,2025-03-22
U100691,PL,Free,2025-12-22
U100692,DE,Premium_Individual,2024-06-08
U100693,ES,Premium_Individual,2024-05-16
U100694,PL,Premium_Individual,2024-04-22
U100695,NL,Free,2024-04-24
U100696,UK,Premium_Individual,2025-10-31
U100697,BE,Free,2024-07-07
U100698,UK,Free,2024-04-11
U100699,DE,Premium_Family,2025-08-24
U100700,DE,Premium_Individual,2024-12-23
U100701,ES,Premium_Family,2023-11-29
U100702,FR,Premium_Family,2025-02-16
U100703,PL,Premium_Individual,2024-04-20
U100704,DE,Premium_Family,2024-11-05
U100705,NL,Free,2024-07-14
U100706,SE,Free,2024-08-11
U100707,SE,Free,2024-07-20
U100708,IT,Free,2024-03-28
U100709,IT,Free,2023-12-07
U100710,PT,Free,2025-06-02
U100711,UK,Premium_Individual,2023-11-16
U100712,SE,Premium_Individual,2024-08-10
U100713,PL,Premium_Individual,2024-09-08
U100714,SE,Free,2025-05-05
U100715,DE,Premium_Individual,2025-02-14
U100716,NL,Free,2024-07-20
U100717,FR,Free,2025-04-03
U100718,UK,Free,2025-06-10
U100719,PT,Free,2024-02-21
U100720,NL,Free,2025-02-16
U100721,IT,Premium_Duo,2024-07-26
U100722,FR,Premium_Individual,2026-01-25
U100723,PT,Premium_Individual,2025-12-15
U100724,FR,Free,2024-01-26
U100725,FR,Premium_Duo,2025-10-18
U100726,DE,Premium_Individual,2024-03-13
U100727,FR,Free,2023-12-11
U100728,IT,Premium_Individual,2024-12-19
U100729,NL,Premium_Individual,2023-12-25
U100730,ES,Free,2025-02-05
U100731,FR,Free,2023-10-26
U100732,FR,Premium_Individual,2025-07-25
U100733,ES,Free,2025-02-04
U100734,FR,Free,2025-03-11
U100735,UK,Free,2024-03-23
U100736,DE,Student,2026-01-13
U100737,ES,Free,2024-02-13
U100738,ES,Free,2026-02-01
U100739,IT,Free,2025-05-16
U100740,FR,Premium_Family,2024-09-07
U100741,FR,Premium_Individual,2025-10-15
U100742,PL,Premium_Family,2024-12-11
U100743,FR,Free,2023-09-15
U100744,NL,Free,2024-02-17
U100745,IT,Premium_Individual,2026-01-26
U100746,ES,Free,2024-09-11
U100747,IT,Premium_Duo,2024-09-06
U100748,SE,Premium_Family,2025-12-23
U100749,PL,Premium_Individual,2024-07-21
U100750,DE,Student,2024-11-13
U100751,ES,Premium_Individual,2024-06-23
U100752,DE,Free,2025-06-01
U100753,IT,Premium_Individual,2025-07-08
U100754,UK,Free,2024-05-05
U100755,DE,Premium_Duo,2024-05-18
U100756,ES,Free,2025-09-30
U100757,PT,Free,2025-08-12
U100758,FR,Premium_Individual,2024-09-16
U100759,IT,Free,2024-02-12
U100760,UK,Free,2025-08-25
U100761,FR,Premium_Individual,2025-08-10
U100762,FR,Free,2024-03-02
U100763,FR,Premium_Individual,2024-06-09
U100764,PL,Free,2023-12-09
U100765,FR,Free,2024-03-24
U100766,DE,Free,2023-10-24
U100767,FR,Premium_Individual,2025-09-06
U100768,FR,Student,2025-06-24
U100769,BE,Free,2025-07-24
U100770,DE,Student,2026-01-03
U100771,NL,Premium_Individual,2024-03-28
U100772,BE,Premium_Individual,2024-07-11
U100773,PL,Premium_Individual,2025-12-07
U100774,FR,Premium_Individual,2025-08-29
U100775,PL,Premium_Duo,2025-09-04
U100776,BE,Premium_Individual,2025-02-27
U100777,FR,Premium_Individual,2025-01-11
U100778,SE,Free,2025-06-08
U100779,PL,Free,2023-11-14
U100780,DE,Premium_Individual,2025-08-15
U100781,PL,Free,2024-10-08
U100782,IT,Free,2025-01-26
U100783,BE,Free,2025-03-12
U100784,PT,Free,2024-02-15
U100785,ES,Premium_Individual,2023-10-02
U100786,SE,Premium_Individual,2026-02-16
U100787,ES,Free,2025-01-03
U100788,SE,Free,2025-11-07
U100789,BE,Free,2025-01-30
U100790,DE,Free,2024-08-19
U100791,IT,Premium_Individual,2025-02-19
U100792,ES,Premium_Individual,2025-05-21
U100793,FR,Premium_Individual,2025-05-19
U100794,FR,Premium_Individual,2025-05-30
U100795,ES,Student,2025-05-07
U100796,FR,Premium_Individual,2025-03-25
U100797,FR,Premium_Individual,2024-06-17
U100798,UK,Premium_Individual,2025-11-28
U100799,UK,Free,2026-01-16
U100800,UK,Premium_Family,2024-11-17
U100801,ES,Free,2024-06-23
U100802,PL,Free,2025-07-05
U100803,BE,Student,2025-08-26
U100804,FR,Premium_Individual,2024-08-13
U100805,FR,Free,2025-03-15
U100806,UK,Free,2024-05-05
U100807,FR,Free,2025-10-14
U100808,NL,Premium_Individual,2025-11-05
U100809,PT,Free,2024-10-16
U100810,FR,Premium_Family,2025-03-08
U100811,FR,Premium_Family,2024-05-11
U100812,PT,Premium_Individual,2024-11-27
U100813,BE,Premium_Individual,2025-04-11
U100814,FR,Free,2025-10-02
U100815,PL,Free,2025-09-29
U100816,PL,Premium_Individual,2024-04-18
U100817,NL,Free,2025-08-03
U100818,BE,Free,2024-11-30
U100819,DE,Free,2024-02-22
U100820,FR,Free,2023-12-13
U100821,BE,Free,2025-06-27
U100822,DE,Premium_Individual,2025-11-16
U100823,UK,Premium_Duo,2024-04-01
U100824,PL,Premium_Individual,2024-06-18
U100825,FR,Premium_Duo,2025-05-02
U100826,BE,Free,2024-09-09
U100827,DE,Premium_Duo,2025-09-06
U100828,PL,Premium_Individual,2024-06-06
U100829,DE,Free,2024-05-13
U100830,BE,Premium_Family,2025-05-30
U100831,NL,Free,2024-12-30
U100832,ES,Free,2025-04-29
U100833,UK,Free,2026-01-25
U100834,UK,Free,2025-10-31
U100835,NL,Free,2023-10-18
U100836,SE,Premium_Individual,2025-01-10
U100837,PT,Premium_Family,2025-10-13
U100838,IT,Free,2026-01-13
U100839,NL,Premium_Individual,2025-04-12
U100840,FR,Free,2023-09-28
U100841,SE,Premium_Duo,2025-03-15
U100842,NL,Free,2023-09-13
U100843,IT,Free,2024-12-11
U100844,FR,Premium_Individual,2024-04-10
U100845,PL,Premium_Individual,2024-03-22
U100846,ES,Premium_Individual,2026-01-27
U100847,UK,Premium_Individual,2026-02-16
U100848,FR,Premium_Individual,2023-11-21
U100849,PT,Free,2023-11-12
U100850,FR,Free,2025-10-26
U100851,DE,Free,2024-07-25
U100852,PL,Free,2023-11-20
U100853,PL,Free,2023-10-27
U100854,DE,Premium_Individual,2025-06-02
U100855,IT,Free,2024-02-23
U100856,UK,Premium_Individual,2024-07-24
U100857,PL,Premium_Individual,2023-11-16
U100858,ES,Premium_Individual,2025-10-13
U100859,NL,Premium_Individual,2024-09-03
U100860,UK,Free,2026-01-31
U100861,UK,Free,2025-04-08
U100862,SE,Premium_Individual,2026-02-11
U100863,NL,Premium_Individual,2025-01-22
U100864,FR,Free,2024-02-28
U100865,PL,Free,2024-07-14
U100866,PL,Premium_Individual,2025-05-15
U100867,SE,Premium_Individual,2025-02-05
U100868,FR,Free,2025-03-30
U100869,DE,Free,2024-05-09
U100870,UK,Premium_Family,2025-06-29
U100871,FR,Free,2025-12-01
U100872,PT,Premium_Duo,2024-11-26
U100873,ES,Free,2024-02-11
U100874,UK,Premium_Individual,2024-12-22
U100875,PL,Free,2025-08-23
U100876,ES,Free,2026-01-11
U100877,ES,Premium_Family,2023-11-02
U100878,BE,Premium_Individual,2024-04-13
U100879,BE,Student,2025-10-06
U100880,IT,Free,2025-12-17
U100881,BE,Premium_Duo,2025-10-29
U100882,PT,Premium_Family,2025-03-22
U100883,IT,Premium_Individual,2024-02-27
U100884,DE,Free,2025-10-02
U100885,ES,Premium_Individual,2024-02-21
U100886,ES,Premium_Individual,2026-02-20
U100887,FR,Premium_Family,2024-05-03
U100888,FR,Free,2025-06-14
U100889,UK,Free,2023-10-18
U100890,ES,Free,2024-12-24
U100891,PT,Premium_Individual,2025-06-25
U100892,DE,Student,2025-07-20
U100893,FR,Free,2024-02-14
U100894,SE,Premium_Individual,2025-02-27
U100895,PL,Premium_Family,2025-04-13
U100896,DE,Free,2024-05-06
U100897,DE,Free,2024-10-30
U100898,DE,Premium_Individual,2024-07-09
U100899,NL,Premium_Individual,2025-01-20
U100900,IT,Free,2025-12-26
U100901,DE,Premium_Duo,2026-02-16
U100902,FR,Premium_Individual,2026-01-18
U100903,IT,Premium_Family,2024-09-27
U100904,PT,Premium_Family,2024-11-20
U100905,UK,Premium_Duo,2024-04-25
U100906,IT,Premium_Individual,2023-12-16
U100907,FR,Free,2025-09-19
U100908,DE,Premium_Individual,2023-10-21
U100909,DE,Free,2023-11-13
U100910,SE,Premium_Individual,2024-08-20
U100911,PL,Free,2024-11-05
U100912,PL,Premium_Individual,2025-09-17
U100913,PT,Free,2025-09-15
U100914,PT,Free,2026-02-05
U100915,PT,Free,2024-07-25
U100916,FR,Premium_Individual,2025-01-31
U100917,FR,Premium_Individual,2025-09-03
U100918,ES,Free,2025-10-25
U100919,NL,Premium_Duo,2025-12-27
U100920,FR,Premium_Duo,2024-07-29
U100921,PL,Free,2024-06-20
U100922,BE,Premium_Individual,2024-08-06
U100923,NL,Free,2025-11-15
U100924,FR,Free,2026-01-16
U100925,DE,Premium_Individual,2025-11-19
U100926,FR,Free,2024-04-21
U100927,PL,Premium_Family,2024-05-02
U100928,BE,Premium_Family,2025-06-03
U100929,UK,Premium_Duo,2026-01-03
U100930,DE,Premium_Individual,2025-05-12
U100931,ES,Premium_Individual,2024-02-29
U100932,IT,Student,2025-10-16
U100933,SE,Free,2024-03-13
U100934,SE,Free,2025-01-04
U100935,DE,Premium_Individual,2025-10-18
U100936,PT,Free,2023-11-11
U100937,FR,Free,2024-11-16
U100938,PL,Free,2024-07-02
U100939,FR,Premium_Individual,2025-11-27
U100940,DE,Free,2025-03-27
U100941,PL,Free,2024-08-06
U100942,FR,Free,2024-07-25
U100943,IT,Free,2025-12-27
U100944,IT,Premium_Family,2024-08-31
U100945,DE,Free,2023-11-01
U100946,UK,Premium_Individual,2024-03-21
U100947,PL,Premium_Individual,2025-08-20
U100948,PL,Free,2023-11-30
U100949,ES,Premium_Duo,2024-06-22
U100950,NL,Premium_Individual,2026-01-02
U100951,DE,Premium_Individual,2025-10-30
U100952,DE,Free,2023-11-22
U100953,FR,Free,2025-08-18
U100954,PT,Student,2025-11-27
U100955,PL,Premium_Individual,2025-01-15
U100956,SE,Premium_Family,2024-11-09
U100957,NL,Premium_Family,2024-09-28
U100958,IT,Free,2024-07-13
U100959,NL,Premium_Individual,2023-09-14
U100960,NL,Premium_Individual,2024-04-14
U100961,IT,Premium_Individual,2026-01-29
U100962,FR,Free,2025-12-04
U100963,FR,Free,2026-02-21
U100964,PT,Premium_Individual,2025-03-06
U100965,IT,Premium_Individual,2025-04-15
U100966,PT,Premium_Individual,2023-11-11
U100967,FR,Free,2025-04-01
U100968,NL,Free,2026-01-25
U100969,DE,Student,2023-12-25
U100970,DE,Free,2025-07-04
U100971,FR,Free,2023-11-30
U100972,FR,Premium_Individual,2024-04-01
U100973,PL,Free,2023-12-28
U100974,ES,Premium_Individual,2024-02-20
U100975,BE,Free,2025-10-17
U100976,IT,Premium_Duo,2024-08-11
U100977,IT,Premium_Family,2025-02-18
U100978,NL,Premium_Family,2024-08-09
U100979,DE,Premium_Individual,2024-04-26
U100980,PT,Free,2024-12-01
U100981,SE,Premium_Individual,2025-05-18
U100982,UK,Premium_Duo,2023-11-26
U100983,IT,Premium_Individual,2024-07-09
U100984,FR,Premium_Individual,2023-12-24
U100985,PT,Premium_Individual,2025-07-25
U100986,ES,Premium_Individual,2024-02-04
U100987,FR,Premium_Individual,2025-05-09
U100988,ES,Free,2025-01-06
U100989,SE,Premium_Individual,2024-01-15
U100990,BE,Premium_Individual,2025-04-11
U100991,SE,Free,2025-07-13
U100992,SE,Premium_Duo,2023-11-27
U100993,DE,Premium_Individual,2023-10-14
U100994,PT,Free,2025-05-20
U100995,IT,Premium_Duo,2025-05-24
U100996,BE,Premium_Individual,2025-08-02
U100997,FR,Premium_Individual,2026-01-31
U100998,PT,Free,2024-10-16
U100999,DE,Premium_Duo,2025-07-09
U101000,FR,Free,2024-01-25
U101001,IT,Premium_Individual,2025-09-22
U101002,FR,Free,2024-08-03
U101003,FR,Premium_Individual,2024-11-26
U101004,BE,Premium_Individual,2024-08-24
U101005,ES,Premium_Individual,2025-11-13
U101006,PT,Premium_Individual,2025-01-01
U101007,ES,Premium_Duo,2024-08-11
U101008,UK,Premium_Individual,2025-04-23
U101009,IT,Free,2024-01-02
U101010,UK,Student,2024-11-06
U101011,BE,Premium_Individual,2025-04-04
U101012,IT,Student,2026-01-25
U101013,PT,Student,2025-09-24
U101014,ES,Premium_Family,2024-12-23
U101015,FR,Premium_Individual,2025-03-01
U101016,UK,Premium_Individual,2024-01-05
U101017,PL,Free,2024-03-22
U101018,FR,Premium_Individual,2025-10-03
U101019,IT,Premium_Individual,2024-09-11
U101020,PL,Premium_Individual,2025-01-12
U101021,UK,Premium_Duo,2025-11-23
U101022,PT,Free,2024-07-07
U101023,NL,Free,2024-10-30
U101024,UK,Premium_Individual,2025-12-05
U101025,ES,Free,2024-12-30
U101026,PT,Free,2024-05-09
U101027,ES,Free,2025-05-05
U101028,UK,Premium_Duo,2025-04-09
U101029,IT,Premium_Individual,2025-11-15
U101030,NL,Free,2025-08-23
U101031,UK,Free,2023-09-29
U101032,NL,Premium_Individual,2024-08-16
U101033,PL,Free,2025-09-17
U101034,IT,Premium_Individual,2024-12-17
U101035,BE,Premium_Individual,2025-09-02
U101036,ES,Free,2025-01-22
U101037,IT,Premium_Individual,2025-10-14
U101038,IT,Free,2024-08-18
U101039,FR,Free,2024-09-30
U101040,FR,Premium_Family,2024-08-05
U101041,UK,Premium_Individual,2025-01-21
U101042,UK,Premium_Family,2025-06-11
U101043,UK,Free,2025-07-14
U101044,FR,Free,2025-08-13
U101045,ES,Premium_Individual,2025-02-03
U101046,DE,Premium_Individual,2025-01-14
U101047,SE,Student,2024-06-30
U101048,PL,Free,2026-01-06
U101049,DE,Premium_Duo,2025-06-15
U101050,UK,Premium_Duo,2024-01-22
U101051,FR,Premium_Individual,2023-11-27
U101052,DE,Free,2023-11-13
U101053,FR,Premium_Individual,2025-05-24
U101054,DE,Free,2025-10-22
U101055,UK,Premium_Individual,2025-08-29
U101056,PL,Premium_Individual,2025-10-27
U101057,DE,Premium_Family,2023-10-23
U101058,NL,Premium_Individual,2023-12-26
U101059,UK,Premium_Individual,2024-02-29
U101060,PT,Premium_Individual,2024-05-11
U101061,BE,Premium_Individual,2025-04-21
U101062,DE,Premium_Family,2024-12-24
U101063,BE,Free,2024-02-01
U101064,ES,Student,2024-02-25
U101065,PT,Premium_Duo,2024-11-15
U101066,ES,Premium_Duo,2024-02-05
U101067,UK,Premium_Individual,2025-04-18
U101068,FR,Premium_Duo,2025-02-17
U101069,IT,Free,2024-02-03
U101070,PL,Premium_Individual,2025-03-22
U101071,BE,Free,2024-04-21
U101072,IT,Free,2025-01-13
U101073,PT,Free,2025-05-31
U101074,PL,Free,2025-08-10
U101075,ES,Free,2024-08-29
U101076,NL,Premium_Duo,2024-12-20
U101077,IT,Free,2025-03-29
U101078,BE,Premium_Individual,2024-04-29
U101079,ES,Free,2026-02-21
U101080,DE,Premium_Individual,2025-12-01
U101081,PL,Premium_Individual,2023-10-17
U101082,PT,Free,2024-07-09
U101083,PL,Premium_Individual,2024-10-19
U101084,PT,Premium_Family,2026-02-08
U101085,UK,Premium_Duo,2024-09-05
U101086,SE,Free,2025-01-29
U101087,SE,Premium_Individual,2024-09-04
U101088,IT,Premium_Individual,2026-01-16
U101089,IT,Free,2024-10-18
U101090,DE,Premium_Duo,2024-09-23
U101091,BE,Free,2025-06-07
U101092,DE,Premium_Duo,2026-01-04
U101093,DE,Free,2023-10-08
U101094,BE,Free,2024-05-29
U101095,IT,Student,2024-08-15
U101096,DE,Premium_Duo,2024-04-07
U101097,SE,Premium_Family,2024-07-02
U101098,PL,Student,2025-10-24
U101099,FR,Free,2025-01-11
U101100,FR,Free,2023-12-21
U101101,ES,Free,2025-06-09
U101102,SE,Premium_Individual,2023-10-07
U101103,PL,Free,2025-12-26
U101104,FR,Premium_Family,2025-05-02
U101105,SE,Free,2025-04-15
U101106,FR,Free,2024-08-19
U101107,ES,Free,2025-09-17
U101108,PT,Free,2025-08-01
U101109,DE,Free,2024-07-10
U101110,FR,Premium_Individual,2025-06-12
U101111,IT,Free,2023-12-30
U101112,BE,Premium_Individual,2024-01-06
U101113,PT,Premium_Family,2025-05-27
U101114,PT,Premium_Individual,2024-10-09
U101115,FR,Premium_Individual,2025-04-30
U101116,FR,Free,2025-04-20
U101117,SE,Free,2024-07-03
U101118,DE,Free,2025-06-05
U101119,PL,Student,2025-10-11
U101120,UK,Premium_Individual,2025-07-05
U101121,FR,Free,2023-11-15
U101122,PL,Premium_Individual,2025-07-05
U101123,FR,Premium_Duo,2025-04-03
U101124,IT,Premium_Individual,2024-08-09
U101125,NL,Premium_Individual,2025-11-23
U101126,NL,Premium_Family,2025-06-27
U101127,UK,Premium_Individual,2025-09-19
U101128,UK,Premium_Individual,2023-11-19
U101129,PT,Free,2023-11-12
U101130,PT,Free,2024-04-18
U101131,NL,Student,2025-07-16
U101132,FR,Premium_Individual,2024-08-20
U101133,UK,Free,2024-07-10
U101134,PT,Premium_Individual,2024-01-07
U101135,ES,Free,2025-10-05
U101136,IT,Premium_Duo,2024-05-05
U101137,IT,Free,2025-09-01
U101138,FR,Premium_Duo,2024-10-02
U101139,UK,Premium_Individual,2023-12-29
U101140,ES,Free,2025-12-28
U101141,SE,Free,2025-10-12
U101142,PL,Premium_Duo,2024-02-26
U101143,PL,Free,2026-02-05
U101144,IT,Free,2024-06-20
U101145,ES,Premium_Individual,2024-12-01
U101146,UK,Free,2025-04-18
U101147,SE,Free,2024-01-13
U101148,IT,Free,2024-01-25
U101149,PL,Premium_Duo,2025-05-06
U101150,FR,Free,2026-02-18
U101151,PL,Free,2025-10-30
U101152,FR,Free,2025-11-18
U101153,FR,Free,2023-09-28
U101154,NL,Free,2024-09-06
U101155,FR,Free,2024-06-27
U101156,FR,Free,2025-07-30
U101157,FR,Free,2024-01-24
U101158,IT,Premium_Family,2024-05-17
U101159,SE,Free,2024-04-21
U101160,FR,Free,2024-12-30
U101161,UK,Premium_Family,2024-06-08
U101162,PL,Premium_Family,2024-10-24
U101163,FR,Premium_Individual,2025-03-15
U101164,FR,Free,2024-09-09
U101165,PL,Free,2025-05-08
U101166,PL,Free,2023-10-25
U101167,NL,Free,2024-05-22
U101168,SE,Free,2024-05-03
U101169,FR,Premium_Individual,2024-05-22
U101170,ES,Free,2025-01-17
U101171,UK,Premium_Individual,2023-10-27
U101172,DE,Free,2025-08-20
U101173,SE,Free,2024-10-02
U101174,NL,Premium_Individual,2025-12-22
U101175,SE,Premium_Family,2025-06-03
U101176,IT,Free,2024-09-26
U101177,ES,Premium_Individual,2024-12-11
U101178,DE,Free,2023-11-04
U101179,DE,Free,2024-08-22
U101180,SE,Premium_Individual,2025-02-19
U101181,FR,Free,2025-02-05
U101182,FR,Free,2024-08-24
U101183,FR,Premium_Individual,2024-03-17
U101184,FR,Free,2025-06-20
U101185,PL,Free,2024-09-17
U101186,ES,Free,2024-09-26
U101187,PT,Student,2026-02-13
U101188,FR,Premium_Individual,2023-11-29
U101189,UK,Free,2024-10-01
U101190,IT,Free,2025-07-20
U101191,ES,Premium_Individual,2024-08-05
U101192,PL,Free,2024-06-26
U101193,PT,Premium_Individual,2023-11-27
U101194,PL,Premium_Individual,2026-01-22
U101195,DE,Free,2025-02-17
U101196,DE,Free,2025-09-14
U101197,UK,Free,2024-09-27
U101198,DE,Free,2024-12-01
U101199,UK,Free,2024-12-24
U101200,NL,Premium_Family,2023-09-29
U101201,NL,Free,2024-11-04
U101202,PL,Premium_Individual,2025-02-19
U101203,UK,Premium_Individual,2025-12-23
U101204,FR,Free,2025-06-08
U101205,FR,Free,2023-12-13
U101206,BE,Free,2025-01-14
U101207,IT,Premium_Individual,2023-12-02
U101208,DE,Free,2024-11-03
U101209,IT,Premium_Individual,2024-10-20
U101210,SE,Premium_Duo,2025-02-03
U101211,PL,Premium_Individual,2024-10-12
U101212,NL,Student,2025-12-24
U101213,ES,Premium_Individual,2026-01-01
U101214,DE,Premium_Duo,2024-12-24
U101215,NL,Premium_Duo,2024-09-06
U101216,ES,Premium_Individual,2024-10-18
U101217,NL,Premium_Duo,2025-02-03
U101218,UK,Premium_Family,2025-06-04
U101219,FR,Premium_Individual,2024-05-29
U101220,FR,Premium_Individual,2024-08-30
U101221,DE,Premium_Individual,2026-01-10
U101222,PL,Premium_Duo,2025-01-14
U101223,BE,Free,2024-05-28
U101224,FR,Premium_Duo,2024-03-23
U101225,PL,Premium_Individual,2025-06-10
U101226,IT,Student,2023-11-19
U101227,IT,Free,2024-07-20
U101228,PT,Premium_Individual,2025-01-27
U101229,FR,Premium_Individual,2024-08-10
U101230,DE,Premium_Family,2024-01-05
U101231,BE,Premium_Family,2025-08-03
U101232,DE,Premium_Individual,2025-10-10
U101233,UK,Premium_Individual,2025-01-24
U101234,DE,Free,2025-12-09
U101235,FR,Student,2024-02-06
U101236,DE,Free,2023-10-09
U101237,IT,Premium_Individual,2024-08-30
U101238,FR,Premium_Individual,2023-09-30
U101239,FR,Free,2025-12-22
U101240,PL,Free,2024-08-06
U101241,ES,Free,2025-01-22
U101242,ES,Premium_Duo,2025-06-19
U101243,FR,Premium_Individual,2025-05-19
U101244,ES,Free,2024-10-23
U101245,DE,Premium_Individual,2024-07-29
U101246,BE,Free,2025-09-28
U101247,DE,Premium_Family,2024-08-22
U101248,PL,Free,2023-11-17
U101249,PT,Free,2026-02-12
U101250,FR,Free,2023-12-30
U101251,FR,Premium_Individual,2024-08-28
U101252,FR,Premium_Individual,2025-04-22
U101253,BE,Premium_Individual,2024-05-06
U101254,FR,Premium_Individual,2024-08-19
U101255,PL,Free,2024-04-06
U101256,SE,Free,2025-12-11
U101257,SE,Free,2025-12-31
U101258,NL,Premium_Family,2024-07-28
U101259,PT,Free,2025-05-26
U101260,FR,Student,2025-07-24
U101261,IT,Free,2025-02-10
U101262,ES,Free,2024-05-15
U101263,PT,Free,2025-09-14
U101264,NL,Free,2023-10-06
U101265,SE,Premium_Individual,2025-02-11
U101266,FR,Premium_Individual,2025-10-10
U101267,PT,Free,2025-12-20
U101268,IT,Premium_Individual,2024-01-18
U101269,IT,Premium_Individual,2025-11-12
U101270,PT,Premium_Family,2025-02-12
U101271,ES,Student,2024-07-04
U101272,ES,Premium_Individual,2024-11-20
U101273,BE,Premium_Duo,2025-07-02
U101274,FR,Premium_Individual,2025-11-17
U101275,ES,Premium_Individual,2024-05-27
U101276,DE,Premium_Individual,2024-12-11
U101277,FR,Free,2026-01-10
U101278,PL,Premium_Individual,2025-09-13
U101279,BE,Student,2024-10-07
U101280,ES,Free,2025-09-24
U101281,IT,Premium_Duo,2025-03-09
U101282,IT,Premium_Family,2025-11-02
U101283,BE,Free,2024-03-12
U101284,PT,Premium_Individual,2024-08-08
U101285,PT,Premium_Family,2024-03-23
U101286,ES,Student,2026-01-06
U101287,ES,Free,2025-03-23
U101288,IT,Free,2025-06-28
U101289,NL,Premium_Individual,2024-08-14
U101290,IT,Free,2024-02-19
U101291,UK,Free,2025-08-02
U101292,NL,Free,2024-04-05
U101293,ES,Free,2024-09-21
U101294,ES,Premium_Individual,2024-02-17
U101295,ES,Premium_Individual,2025-12-11
U101296,FR,Premium_Individual,2023-09-21
U101297,FR,Premium_Individual,2025-01-29
U101298,UK,Free,2025-06-16
U101299,ES,Free,2025-09-11
U101300,DE,Free,2023-09-26
U101301,NL,Free,2023-12-26
U101302,SE,Free,2025-10-27
U101303,DE,Free,2025-01-20
U101304,PL,Free,2024-05-07
U101305,PT,Free,2024-09-12
U101306,BE,Premium_Individual,2025-09-06
U101307,UK,Premium_Individual,2025-04-06
U101308,FR,Premium_Family,2025-03-30
U101309,PT,Premium_Individual,2025-06-09
U101310,ES,Premium_Individual,2023-10-18
U101311,PT,Free,2025-08-24
U101312,NL,Premium_Individual,2024-05-31
U101313,FR,Free,2023-11-30
U101314,FR,Free,2024-03-14
U101315,UK,Free,2024-03-10
U101316,NL,Free,2025-10-03
U101317,FR,Free,2025-10-25
U101318,UK,Premium_Individual,2024-03-24
U101319,PL,Premium_Duo,2024-04-26
U101320,IT,Premium_Individual,2024-04-30
U101321,IT,Premium_Individual,2025-02-13
U101322,FR,Premium_Individual,2024-11-11
U101323,SE,Free,2026-02-08
U101324,ES,Premium_Individual,2025-06-07
U101325,PL,Premium_Individual,2024-11-07
U101326,ES,Free,2025-11-01
U101327,NL,Free,2025-10-28
U101328,DE,Premium_Family,2026-01-12
U101329,FR,Premium_Individual,2025-08-18
U101330,SE,Premium_Individual,2023-09-19
U101331,IT,Premium_Individual,2024-06-10
U101332,NL,Free,2023-10-29
U101333,PT,Premium_Individual,2025-07-07
U101334,PT,Free,2024-09-05
U101335,PL,Free,2023-12-18
U101336,DE,Premium_Individual,2025-04-13
U101337,BE,Free,2024-07-15
U101338,PL,Premium_Individual,2024-06-13
U101339,ES,Free,2024-02-09
U101340,FR,Premium_Individual,2023-10-10
U101341,SE,Premium_Individual,2024-08-21
U101342,IT,Premium_Individual,2024-09-19
U101343,NL,Premium_Individual,2024-01-08
U101344,PT,Student,2024-06-20
U101345,BE,Premium_Individual,2025-04-05
U101346,IT,Premium_Individual,2024-08-08
U101347,ES,Premium_Individual,2024-10-19
U101348,IT,Free,2025-08-01
U101349,FR,Free,2024-11-18
U101350,SE,Free,2024-08-14
U101351,PL,Free,2023-12-07
U101352,DE,Free,2024-09-21
U101353,ES,Free,2025-09-27
U101354,PL,Premium_Individual,2023-09-24
U101355,FR,Free,2024-09-23
U101356,NL,Premium_Duo,2025-06-10
U101357,IT,Free,2024-04-19
U101358,UK,Premium_Individual,2025-03-15
U101359,FR,Free,2025-03-28
U101360,UK,Premium_Individual,2024-02-03
U101361,ES,Free,2024-01-09
U101362,BE,Premium_Individual,2024-11-11
U101363,FR,Free,2025-03-25
U101364,IT,Premium_Family,2024-01-13
U101365,NL,Free,2025-09-20
U101366,DE,Premium_Individual,2024-04-25
U101367,FR,Free,2024-09-18
U101368,DE,Premium_Individual,2024-01-21
U101369,ES,Premium_Individual,2025-02-11
U101370,FR,Free,2024-02-10
U101371,PT,Free,2026-02-08
U101372,IT,Free,2024-04-15
U101373,SE,Free,2025-12-21
U101374,PT,Student,2024-07-28
U101375,FR,Free,2025-08-31
U101376,UK,Free,2023-10-15
U101377,PL,Student,2024-04-05
U101378,BE,Free,2025-11-20
U101379,IT,Free,2023-12-18
U101380,IT,Premium_Individual,2025-07-12
U101381,FR,Premium_Family,2024-10-22
U101382,NL,Premium_Individual,2025-12-07
U101383,PT,Premium_Individual,2025-11-19
U101384,PT,Student,2025-07-21
U101385,FR,Free,2024-11-01
U101386,UK,Student,2024-10-25
U101387,ES,Premium_Duo,2024-01-19
U101388,PL,Premium_Family,2025-09-27
U101389,FR,Free,2024-04-23
U101390,PT,Free,2026-02-16
U101391,PL,Premium_Individual,2025-06-07
U101392,FR,Premium_Individual,2025-09-18
U101393,FR,Premium_Individual,2025-11-03
U101394,PL,Premium_Family,2024-09-18
U101395,FR,Premium_Individual,2023-12-10
U101396,NL,Free,2024-07-06
U101397,PL,Free,2024-01-21
U101398,NL,Free,2024-09-11
U101399,ES,Free,2026-01-05
U101400,IT,Free,2025-04-19
U101401,FR,Premium_Duo,2024-02-17
U101402,PT,Premium_Individual,2026-01-13
U101403,ES,Premium_Individual,2025-11-27
U101404,DE,Free,2024-02-08
U101405,DE,Premium_Individual,2025-12-27
U101406,PT,Premium_Duo,2023-10-19
U101407,FR,Premium_Family,2024-04-15
U101408,PL,Premium_Individual,2024-07-08
U101409,UK,Premium_Duo,2024-10-31
U101410,PL,Premium_Individual,2025-12-04
U101411,PT,Premium_Individual,2025-02-16
U101412,PL,Premium_Duo,2024-03-02
U101413,PT,Free,2023-12-07
U101414,FR,Free,2025-01-18
U101415,SE,Free,2024-02-03
U101416,NL,Premium_Individual,2024-03-30
U101417,NL,Premium_Individual,2026-01-01
U101418,PL,Premium_Individual,2024-08-17
U101419,PT,Free,2024-08-20
U101420,UK,Free,2024-10-25
U101421,IT,Premium_Duo,2024-04-03
U101422,IT,Free,2023-12-20
U101423,ES,Premium_Family,2024-10-18
U101424,ES,Free,2025-05-11
U101425,ES,Premium_Individual,2023-09-28
U101426,FR,Premium_Individual,2023-10-15
U101427,FR,Premium_Duo,2024-06-19
U101428,SE,Free,2024-07-29
U101429,IT,Premium_Family,2025-11-21
U101430,PT,Premium_Individual,2025-02-28
U101431,BE,Premium_Individual,2025-08-28
U101432,FR,Premium_Individual,2024-11-19
U101433,FR,Free,2024-02-15
U101434,DE,Premium_Individual,2025-08-05
U101435,PT,Free,2023-09-15
U101436,DE,Free,2025-10-29
U101437,NL,Premium_Individual,2025-11-26
U101438,PT,Premium_Individual,2023-10-05
U101439,PT,Free,2025-11-24
U101440,DE,Free,2024-05-06
U101441,FR,Free,2024-04-11
U101442,FR,Free,2025-05-03
U101443,FR,Premium_Individual,2025-12-26
U101444,DE,Free,2025-05-22
U101445,NL,Premium_Family,2025-12-22
U101446,PL,Free,2024-07-01
U101447,NL,Free,2023-12-21
U101448,BE,Premium_Family,2023-09-15
U101449,DE,Free,2024-03-09
U101450,SE,Free,2024-04-01
U101451,BE,Student,2023-12-27
U101452,PL,Premium_Family,2024-04-05
U101453,PT,Premium_Individual,2024-07-21
U101454,ES,Free,2023-09-16
U101455,FR,Premium_Individual,2025-05-09
U101456,DE,Student,2025-02-18
U101457,IT,Premium_Family,2023-12-05
U101458,PT,Free,2025-05-20
U101459,ES,Free,2025-05-31
U101460,SE,Free,2025-10-09
U101461,NL,Free,2025-06-20
U101462,DE,Premium_Individual,2024-09-09
U101463,ES,Free,2023-12-23
U101464,UK,Free,2025-10-23
U101465,UK,Free,2024-06-24
U101466,IT,Premium_Individual,2024-04-08
U101467,DE,Free,2023-12-15
U101468,UK,Free,2024-04-23
U101469,FR,Free,2025-10-05
U101470,PT,Student,2024-12-12
U101471,DE,Free,2023-10-25
U101472,FR,Premium_Individual,2023-12-03
U101473,IT,Free,2024-08-23
U101474,NL,Free,2023-10-15
U101475,NL,Free,2024-07-05
U101476,IT,Free,2025-12-26
U101477,PT,Free,2023-11-28
U101478,IT,Premium_Individual,2025-09-24
U101479,IT,Premium_Individual,2025-03-18
U101480,IT,Free,2025-07-24
U101481,FR,Free,2024-05-20
U101482,BE,Premium_Individual,2026-01-26
U101483,DE,Free,2024-07-30
U101484,BE,Free,2024-01-12
U101485,FR,Free,2024-03-20
U101486,PT,Free,2025-05-23
U101487,IT,Premium_Individual,2023-12-14
U101488,PL,Student,2025-04-04
U101489,IT,Student,2024-06-24
U101490,FR,Student,2024-11-26
U101491,PL,Free,2025-12-23
U101492,BE,Free,2026-02-19
U101493,SE,Free,2025-09-11
U101494,IT,Free,2023-11-10
U101495,BE,Free,2023-10-24
U101496,PL,Free,2025-02-20
U101497,BE,Premium_Individual,2023-10-10
U101498,ES,Free,2026-01-08
U101499,UK,Free,2023-10-12
U101500,UK,Premium_Individual,2025-07-30
U101501,PT,Free,2026-01-20
U101502,ES,Premium_Duo,2024-04-16
U101503,IT,Free,2025-03-17
U101504,SE,Premium_Individual,2025-06-05
U101505,NL,Free,2024-04-14
U101506,UK,Premium_Individual,2025-04-30
U101507,IT,Free,2024-04-20
U101508,DE,Free,2025-08-31
U101509,UK,Premium_Individual,2025-12-07
U101510,FR,Free,2025-05-07
U101511,DE,Free,2024-08-26
U101512,BE,Premium_Family,2025-08-05
U101513,UK,Free,2025-10-17
U101514,PL,Premium_Individual,2024-04-24
U101515,DE,Premium_Individual,2024-12-08
U101516,FR,Free,2025-02-01
U101517,PT,Premium_Individual,2025-07-22
U101518,FR,Free,2026-02-06
U101519,DE,Premium_Individual,2026-01-05
U101520,DE,Free,2024-06-23
U101521,NL,Free,2025-12-12
U101522,PL,Free,2025-07-16
U101523,SE,Premium_Family,2023-12-01
U101524,UK,Premium_Individual,2025-04-20
U101525,FR,Premium_Family,2024-04-28
U101526,ES,Premium_Individual,2025-04-21
U101527,IT,Premium_Individual,2023-11-12
U101528,FR,Premium_Individual,2024-02-19
U101529,DE,Premium_Family,2024-12-29
U101530,ES,Premium_Individual,2024-06-20
U101531,FR,Free,2025-02-17
U101532,NL,Premium_Individual,2023-11-01
U101533,UK,Premium_Individual,2025-04-07
U101534,FR,Free,2024-02-06
U101535,IT,Free,2024-08-20
U101536,SE,Free,2024-07-27
U101537,UK,Premium_Duo,2025-04-14
U101538,SE,Free,2024-02-09
U101539,IT,Premium_Duo,2024-04-26
U101540,PL,Free,2024-02-24
U101541,DE,Premium_Individual,2024-03-08
U101542,ES,Free,2025-10-04
U101543,FR,Premium_Family,2024-01-01
U101544,IT,Premium_Individual,2024-02-01
U101545,ES,Free,2025-07-20
U101546,DE,Free,2023-09-29
U101547,SE,Free,2024-11-08
U101548,ES,Free,2025-05-10
U101549,DE,Premium_Individual,2025-08-06
U101550,FR,Premium_Family,2025-04-02
U101551,IT,Premium_Individual,2026-01-19
U101552,ES,Premium_Individual,2024-06-15
U101553,ES,Free,2024-05-30
U101554,DE,Premium_Duo,2024-07-05
U101555,SE,Premium_Duo,2024-10-19
U101556,PT,Free,2025-04-04
U101557,IT,Student,2024-05-16
U101558,BE,Free,2024-01-05
U101559,PL,Premium_Duo,2025-12-05
U101560,PT,Student,2025-03-17
U101561,BE,Premium_Individual,2023-09-16
U101562,PL,Free,2024-01-14
U101563,PL,Premium_Individual,2023-09-18
U101564,SE,Free,2025-09-11
U101565,IT,Premium_Individual,2025-01-02
U101566,FR,Free,2025-10-28
U101567,FR,Premium_Individual,2024-01-10
U101568,IT,Premium_Family,2024-11-15
U101569,IT,Free,2025-07-19
U101570,IT,Free,2025-12-03
U101571,NL,Premium_Individual,2024-05-04
U101572,NL,Free,2024-02-28
U101573,PL,Free,2023-12-29
U101574,FR,Free,2023-10-08
U101575,DE,Free,2024-02-25
U101576,SE,Premium_Individual,2024-03-21
U101577,PL,Premium_Individual,2024-02-28
U101578,PT,Free,2023-09-14
U101579,PL,Premium_Individual,2025-01-04
U101580,PL,Free,2024-04-15
U101581,ES,Free,2024-02-20
U101582,IT,Premium_Individual,2025-11-10
U101583,DE,Free,2024-06-15
U101584,BE,Premium_Individual,2025-04-25
U101585,PT,Premium_Family,2025-10-26
U101586,ES,Premium_Individual,2025-09-22
U101587,NL,Premium_Individual,2025-11-12
U101588,DE,Free,2023-12-13
U101589,FR,Free,2024-04-03
U101590,DE,Free,2025-11-22
U101591,FR,Premium_Individual,2024-08-12
U101592,PT,Premium_Duo,2024-07-12
U101593,IT,Free,2024-11-15
U101594,PL,Free,2024-08-29
U101595,UK,Free,2023-12-04
U101596,DE,Premium_Individual,2024-11-15
U101597,FR,Premium_Individual,2024-07-12
U101598,SE,Premium_Individual,2024-09-30
U101599,DE,Premium_Family,2025-03-05
U101600,PL,Free,2023-12-19
U101601,FR,Premium_Individual,2025-02-17
U101602,UK,Premium_Individual,2024-03-09
U101603,SE,Free,2024-08-30
U101604,DE,Premium_Family,2024-06-20
U101605,DE,Free,2024-04-14
U101606,PT,Premium_Individual,2024-05-05
U101607,DE,Premium_Individual,2024-10-06
U101608,IT,Premium_Family,2024-08-21
U101609,IT,Premium_Individual,2024-11-24
U101610,DE,Free,2025-04-25
U101611,SE,Premium_Duo,2024-05-13
U101612,SE,Premium_Individual,2023-12-30
U101613,ES,Premium_Individual,2024-06-02
U101614,PL,Premium_Individual,2024-04-03
U101615,DE,Free,2024-02-11
U101616,FR,Premium_Individual,2025-03-30
U101617,NL,Premium_Duo,2025-12-28
U101618,PT,Free,2025-04-26
U101619,FR,Premium_Individual,2024-04-18
U101620,DE,Student,2024-02-24
U101621,NL,Premium_Individual,2024-11-20
U101622,SE,Premium_Family,2024-03-28
U101623,FR,Free,2025-12-17
U101624,ES,Student,2024-07-26
U101625,UK,Free,2024-06-25
U101626,ES,Premium_Individual,2024-11-25
U101627,DE,Premium_Individual,2024-05-23
U101628,DE,Premium_Individual,2024-12-10
U101629,IT,Premium_Family,2024-11-11
U101630,IT,Premium_Individual,2024-08-31
U101631,PL,Premium_Individual,2024-03-15
U101632,BE,Free,2025-07-14
U101633,UK,Premium_Individual,2025-05-29
U101634,PT,Premium_Individual,2025-02-12
U101635,IT,Free,2025-08-25
U101636,IT,Premium_Individual,2025-04-29
U101637,PT,Premium_Duo,2025-04-14
U101638,DE,Premium_Individual,2025-05-17
U101639,UK,Premium_Individual,2025-02-20
U101640,SE,Free,2024-11-28
U101641,FR,Premium_Individual,2024-06-10
U101642,IT,Free,2025-05-27
U101643,DE,Free,2024-01-28
U101644,DE,Premium_Individual,2024-12-20
U101645,IT,Free,2024-05-19
U101646,DE,Free,2025-11-11
U101647,SE,Premium_Individual,2025-09-19
U101648,PL,Free,2025-01-12
U101649,SE,Free,2025-03-31
U101650,DE,Free,2024-12-05
U101651,DE,Premium_Individual,2025-10-03
U101652,DE,Free,2024-12-26
U101653,FR,Premium_Individual,2024-06-18
U101654,PT,Premium_Individual,2024-05-12
U101655,IT,Free,2025-07-15
U101656,DE,Premium_Family,2025-04-20
U101657,PL,Free,2024-11-09
U101658,ES,Premium_Individual,2024-11-16
U101659,FR,Free,2024-03-16
U101660,FR,Premium_Individual,2025-03-10
U101661,BE,Free,2024-07-02
U101662,SE,Premium_Duo,2023-12-25
U101663,DE,Free,2025-05-31
U101664,PL,Premium_Individual,2024-02-18
U101665,PL,Free,2025-04-30
U101666,PL,Free,2025-04-29
U101667,DE,Free,2024-07-18
U101668,FR,Premium_Individual,2024-08-15
U101669,PL,Premium_Individual,2024-10-19
U101670,ES,Student,2025-07-30
U101671,BE,Premium_Individual,2025-11-27
U101672,SE,Student,2023-12-03
U101673,FR,Free,2024-01-03
U101674,SE,Premium_Individual,2023-12-23
U101675,PT,Premium_Individual,2024-11-21
U101676,UK,Premium_Individual,2023-12-25
U101677,IT,Student,2024-12-26
U101678,PL,Premium_Individual,2025-12-16
U101679,NL,Premium_Family,2025-08-28
U101680,UK,Premium_Individual,2025-06-23
U101681,PL,Free,2025-03-22
U101682,UK,Premium_Individual,2023-11-06
U101683,DE,Premium_Individual,2025-04-30
U101684,FR,Premium_Family,2024-08-23
U101685,DE,Premium_Duo,2025-06-25
U101686,NL,Free,2024-07-27
U101687,NL,Free,2024-10-03
U101688,BE,Free,2025-10-10
U101689,ES,Premium_Individual,2025-01-05
U101690,SE,Free,2025-11-19
U101691,PL,Premium_Individual,2023-12-20
U101692,DE,Premium_Individual,2024-06-03
U101693,UK,Premium_Duo,2023-11-04
U101694,UK,Free,2024-01-02
U101695,NL,Premium_Individual,2025-08-10
U101696,DE,Free,2024-05-31
U101697,SE,Premium_Family,2025-11-24
U101698,PT,Free,2023-10-18
U101699,UK,Free,2024-03-22
U101700,PL,Free,2024-06-24
U101701,PT,Premium_Duo,2023-09-17
U101702,ES,Free,2024-01-27
U101703,BE,Premium_Individual,2024-01-12
U101704,IT,Premium_Individual,2025-11-24
U101705,PT,Premium_Individual,2026-01-31
U101706,FR,Free,2023-10-17
U101707,IT,Free,2025-07-12
U101708,PL,Free,2025-02-06
U101709,DE,Free,2026-01-14
U101710,SE,Premium_Individual,2024-08-14
U101711,ES,Free,2024-02-20
U101712,PT,Free,2024-02-01
U101713,PL,Free,2024-09-20
U101714,ES,Premium_Individual,2024-07-11
U101715,SE,Free,2024-11-20
U101716,ES,Premium_Individual,2025-01-19
U101717,BE,Free,2024-10-14
U101718,UK,Student,2023-11-09
U101719,PL,Premium_Individual,2025-07-11
U101720,FR,Free,2024-12-29
U101721,DE,Free,2024-09-02
U101722,UK,Free,2024-09-30
U101723,NL,Free,2026-01-25
U101724,IT,Free,2025-06-10
U101725,FR,Premium_Family,2024-07-25
U101726,ES,Premium_Individual,2024-06-12
U101727,PL,Free,2024-05-07
U101728,FR,Premium_Individual,2023-09-20
U101729,ES,Free,2024-06-30
U101730,PT,Student,2024-09-22
U101731,FR,Free,2025-05-01
U101732,UK,Premium_Individual,2025-03-28
U101733,DE,Premium_Individual,2024-02-15
U101734,PL,Free,2024-12-30
U101735,UK,Free,2024-05-24
U101736,PL,Free,2025-11-03
U101737,DE,Premium_Duo,2025-10-30
U101738,NL,Premium_Individual,2025-08-13
U101739,SE,Premium_Individual,2025-08-31
U101740,DE,Premium_Individual,2024-08-28
U101741,DE,Premium_Duo,2024-08-02
U101742,FR,Premium_Individual,2024-10-11
U101743,PT,Premium_Individual,2025-06-08
U101744,UK,Premium_Individual,2024-09-25
U101745,BE,Free,2025-11-07
U101746,UK,Premium_Duo,2024-12-26
U101747,NL,Free,2025-10-06
U101748,IT,Free,2025-12-15
U101749,IT,Premium_Duo,2025-09-27
U101750,BE,Free,2025-11-14
U101751,DE,Free,2024-12-22
U101752,PL,Free,2024-10-22
U101753,SE,Premium_Individual,2024-08-28
U101754,ES,Premium_Duo,2025-01-25
U101755,NL,Free,2025-09-17
U101756,FR,Free,2026-02-03
U101757,PT,Premium_Individual,2024-05-26
U101758,PL,Student,2023-09-28
U101759,PT,Free,2025-06-16
U101760,ES,Student,2025-08-23
U101761,FR,Premium_Family,2025-05-19
U101762,DE,Free,2025-08-14
U101763,FR,Premium_Duo,2025-08-06
U101764,FR,Premium_Individual,2024-12-07
U101765,FR,Premium_Individual,2024-03-22
U101766,PT,Free,2024-05-26
U101767,FR,Premium_Duo,2023-10-18
U101768,FR,Premium_Individual,2025-04-08
U101769,PL,Premium_Individual,2024-12-09
U101770,BE,Student,2025-03-19
U101771,SE,Premium_Individual,2026-01-15
U101772,BE,Premium_Duo,2025-03-12
U101773,PL,Premium_Duo,2025-07-04
U101774,BE,Free,2024-12-21
U101775,NL,Free,2025-10-03
U101776,UK,Free,2024-04-30
U101777,IT,Premium_Duo,2024-01-31
U101778,ES,Free,2023-10-17
U101779,IT,Premium_Individual,2025-12-08
U101780,FR,Free,2025-11-08
U101781,SE,Free,2023-10-12
U101782,DE,Premium_Individual,2024-01-26
U101783,FR,Free,2024-09-14
U101784,DE,Premium_Family,2025-05-10
U101785,PL,Free,2024-11-16
U101786,ES,Premium_Family,2024-10-31
U101787,UK,Free,2024-01-27
U101788,PL,Student,2024-11-06
U101789,FR,Premium_Individual,2026-01-28
U101790,SE,Free,2024-06-07
U101791,ES,Free,2024-03-30
U101792,DE,Free,2025-05-31
U101793,UK,Premium_Individual,2025-11-09
U101794,PL,Premium_Duo,2025-10-18
U101795,DE,Free,2024-02-02
U101796,NL,Free,2025-01-18
U101797,DE,Premium_Individual,2024-11-06
U101798,NL,Premium_Individual,2023-10-18
U101799,BE,Premium_Individual,2025-12-29
U101800,BE,Premium_Individual,2025-08-22
U101801,BE,Premium_Individual,2024-02-08
U101802,FR,Student,2024-10-27
U101803,UK,Free,2026-01-28
U101804,UK,Free,2024-06-04
U101805,UK,Free,2025-10-21
U101806,FR,Premium_Individual,2024-03-25
U101807,IT,Free,2024-03-11
U101808,IT,Premium_Family,2024-02-16
U101809,FR,Premium_Individual,2025-01-02
U101810,DE,Premium_Individual,2025-06-27
U101811,IT,Premium_Individual,2023-12-27
U101812,UK,Free,2024-10-11
U101813,DE,Premium_Duo,2024-08-03
U101814,PL,Free,2025-10-23
U101815,NL,Premium_Individual,2024-08-14
U101816,SE,Premium_Family,2024-09-21
U101817,IT,Premium_Individual,2025-06-06
U101818,IT,Premium_Duo,2024-04-08
U101819,BE,Free,2025-10-25
U101820,PT,Premium_Duo,2024-05-20
U101821,IT,Premium_Individual,2023-10-17
U101822,NL,Premium_Individual,2024-10-03
U101823,BE,Free,2025-11-20
U101824,UK,Free,2024-10-15
U101825,FR,Premium_Individual,2024-11-06
U101826,NL,Free,2024-10-16
U101827,IT,Premium_Individual,2025-06-23
U101828,PT,Premium_Duo,2024-08-11
U101829,IT,Premium_Family,2025-07-01
U101830,IT,Free,2024-10-11
U101831,PT,Premium_Family,2024-09-09
U101832,IT,Free,2024-07-25
U101833,DE,Premium_Individual,2024-03-11
U101834,DE,Premium_Duo,2023-12-26
U101835,FR,Free,2024-03-29
U101836,FR,Free,2024-03-13
U101837,IT,Free,2024-01-08
U101838,SE,Premium_Individual,2025-07-20
U101839,UK,Premium_Duo,2025-06-05
U101840,FR,Free,2024-11-02
U101841,NL,Free,2025-01-02
U101842,FR,Premium_Individual,2024-06-05
U101843,PT,Free,2026-02-13
U101844,FR,Premium_Individual,2025-10-20
U101845,BE,Premium_Family,2024-04-26
U101846,ES,Premium_Individual,2024-02-18
U101847,BE,Premium_Family,2025-05-28
U101848,IT,Premium_Individual,2025-05-20
U101849,SE,Premium_Duo,2024-10-08
U101850,DE,Free,2024-12-22
U101851,PL,Free,2025-09-23
U101852,NL,Premium_Individual,2024-12-02
U101853,SE,Free,2024-02-21
U101854,PL,Premium_Family,2024-05-11
U101855,PT,Premium_Individual,2024-02-23
U101856,DE,Student,2024-07-27
U101857,DE,Free,2023-12-31
U101858,DE,Premium_Individual,2025-07-13
U101859,DE,Premium_Individual,2026-01-11
U101860,BE,Free,2025-11-12
U101861,PT,Premium_Individual,2023-09-19
U101862,PT,Premium_Individual,2024-07-30
U101863,NL,Student,2025-07-15
U101864,BE,Premium_Individual,2024-01-21
U101865,PL,Free,2025-05-21
U101866,PT,Premium_Individual,2024-09-06
U101867,DE,Premium_Individual,2025-07-14
U101868,NL,Free,2025-11-29
U101869,PL,Free,2025-06-28
U101870,ES,Free,2025-08-02
U101871,IT,Free,2024-10-16
U101872,PT,Premium_Individual,2026-02-03
U101873,PT,Free,2025-07-22
U101874,PL,Premium_Individual,2024-10-02
U101875,SE,Free,2025-03-07
U101876,DE,Premium_Individual,2024-08-03
U101877,ES,Free,2024-07-16
U101878,NL,Premium_Family,2023-10-13
U101879,NL,Free,2024-02-06
U101880,NL,Premium_Individual,2025-08-02
U101881,BE,Free,2024-06-13
U101882,IT,Free,2024-08-10
U101883,UK,Premium_Individual,2024-09-09
U101884,ES,Premium_Duo,2024-03-10
U101885,ES,Premium_Family,2025-10-13
U101886,FR,Free,2025-03-23
U101887,DE,Free,2024-02-24
U101888,PL,Premium_Individual,2023-12-18
U101889,IT,Premium_Individual,2026-01-19
U101890,DE,Free,2024-12-27
U101891,SE,Premium_Individual,2025-07-01
U101892,NL,Premium_Individual,2025-09-25
U101893,FR,Premium_Individual,2026-01-02
U101894,ES,Free,2024-10-29
U101895,FR,Free,2024-07-05
U101896,UK,Free,2024-11-04
U101897,DE,Premium_Individual,2025-03-30
U101898,FR,Free,2024-04-04
U101899,FR,Premium_Individual,2024-07-19
U101900,BE,Premium_Individual,2023-12-03
U101901,FR,Premium_Individual,2025-04-18
U101902,PL,Free,2025-07-23
U101903,FR,Free,2025-01-11
U101904,BE,Premium_Individual,2024-11-26
U101905,IT,Premium_Individual,2025-01-09
U101906,IT,Premium_Family,2024-02-09
U101907,FR,Free,2026-01-12
U101908,SE,Premium_Family,2024-11-07
U101909,PL,Free,2025-02-02
U101910,FR,Free,2025-08-17
U101911,FR,Free,2024-07-29
U101912,PL,Premium_Individual,2024-03-08
U101913,NL,Free,2024-10-22
U101914,FR,Free,2025-12-08
U101915,DE,Premium_Individual,2025-12-16
U101916,UK,Premium_Individual,2025-02-10
U101917,UK,Free,2024-07-05
U101918,BE,Free,2025-05-18
U101919,PT,Premium_Individual,2025-05-22
U101920,IT,Free,2024-01-15
U101921,ES,Free,2026-02-09
U101922,IT,Premium_Individual,2025-12-12
U101923,ES,Free,2025-10-06
U101924,DE,Premium_Individual,2023-09-27
U101925,FR,Free,2024-12-04
U101926,ES,Free,2025-10-03
U101927,UK,Free,2025-05-20
U101928,FR,Free,2023-10-10
U101929,IT,Free,2024-06-11
U101930,BE,Free,2025-08-06
U101931,BE,Premium_Family,2025-07-22
U101932,SE,Premium_Duo,2025-12-17
U101933,SE,Free,2024-04-02
U101934,UK,Premium_Individual,2025-10-22
U101935,FR,Premium_Individual,2025-06-11
U101936,IT,Premium_Duo,2025-04-16
U101937,BE,Free,2024-08-16
U101938,DE,Free,2024-08-29
U101939,FR,Free,2024-03-10
U101940,DE,Free,2025-06-01
U101941,IT,Free,2025-03-14
U101942,IT,Premium_Family,2025-03-11
U101943,FR,Premium_Family,2026-01-11
U101944,PL,Free,2024-05-04
U101945,PT,Premium_Individual,2024-10-31
U101946,DE,Free,2024-12-24
U101947,PT,Premium_Individual,2023-09-17
U101948,FR,Premium_Individual,2025-09-15
U101949,PT,Free,2023-10-10
U101950,PT,Premium_Duo,2024-06-24
U101951,FR,Student,2025-08-08
U101952,SE,Premium_Individual,2024-06-26
U101953,PT,Premium_Individual,2024-04-18
U101954,PL,Premium_Individual,2025-04-04
U101955,PT,Free,2025-04-19
U101956,NL,Free,2024-02-07
U101957,FR,Premium_Individual,2025-10-01
U101958,PL,Free,2026-02-10
U101959,BE,Premium_Duo,2024-07-07
U101960,BE,Free,2023-12-05
U101961,IT,Free,2024-12-01
U101962,NL,Free,2025-10-24
U101963,FR,Student,2024-10-28
U101964,UK,Free,2025-07-12
U101965,FR,Free,2024-02-14
U101966,UK,Free,2024-08-24
U101967,PL,Premium_Individual,2025-04-27
U101968,IT,Student,2024-08-13
U101969,NL,Free,2024-07-06
U101970,ES,Premium_Family,2024-06-25
U101971,PT,Free,2025-03-31
U101972,UK,Premium_Individual,2024-09-30
U101973,ES,Free,2026-01-14
U101974,FR,Premium_Individual,2025-02-26
U101975,DE,Premium_Individual,2025-03-21
U101976,IT,Premium_Individual,2024-11-01
U101977,PT,Free,2023-10-27
U101978,UK,Premium_Duo,2023-10-24
U101979,DE,Student,2024-12-17
U101980,PL,Premium_Individual,2024-07-24
U101981,ES,Premium_Individual,2025-11-17
U101982,PL,Premium_Individual,2024-12-18
U101983,DE,Free,2024-06-17
U101984,BE,Premium_Duo,2024-06-22
U101985,PT,Free,2023-10-15
U101986,DE,Premium_Individual,2025-01-01
U101987,UK,Free,2023-12-04
U101988,PT,Free,2023-10-02
U101989,FR,Premium_Individual,2024-09-29
U101990,FR,Premium_Individual,2025-12-02
U101991,UK,Premium_Duo,2025-03-22
U101992,ES,Student,2024-04-10
U101993,FR,Free,2024-09-21
U101994,IT,Free,2023-11-08
U101995,SE,Free,2024-02-24
U101996,DE,Premium_Individual,2025-12-27
U101997,ES,Premium_Individual,2024-01-14
U101998,PL,Premium_Duo,2025-04-08
U101999,NL,Premium_Individual,2024-02-21
U102000,PL,Free,2024-11-25
U102001,IT,Premium_Individual,2025-01-11
U102002,PT,Premium_Individual,2025-12-19
U102003,UK,Premium_Individual,2025-11-07
U102004,FR,Free,2024-09-08
U102005,PL,Free,2024-10-01
U102006,IT,Free,2024-10-14
U102007,FR,Free,2025-10-05
U102008,FR,Premium_Individual,2024-11-23
U102009,UK,Free,2025-12-29
U102010,FR,Premium_Individual,2025-10-16
U102011,DE,Premium_Individual,2024-12-03
U102012,FR,Premium_Family,2024-08-20
U102013,IT,Free,2024-07-16
U102014,IT,Free,2023-09-29
U102015,NL,Free,2024-01-21
U102016,DE,Free,2025-03-19
U102017,FR,Free,2024-03-24
U102018,BE,Premium_Individual,2025-11-28
U102019,ES,Free,2024-01-18
U102020,UK,Free,2025-03-13
U102021,FR,Free,2024-04-14
U102022,FR,Premium_Individual,2023-10-09
U102023,DE,Premium_Duo,2024-06-04
U102024,IT,Premium_Individual,2023-11-23
U102025,ES,Premium_Individual,2026-02-12
U102026,SE,Premium_Individual,2025-09-22
U102027,ES,Premium_Individual,2024-08-11
U102028,NL,Free,2024-10-27
U102029,BE,Premium_Individual,2025-11-06
U102030,FR,Premium_Individual,2024-05-21
U102031,NL,Free,2025-12-31
U102032,ES,Premium_Individual,2023-09-21
U102033,IT,Premium_Individual,2025-10-05
U102034,FR,Premium_Individual,2025-01-20
U102035,SE,Free,2024-02-17
U102036,PT,Premium_Individual,2024-11-19
U102037,FR,Premium_Duo,2024-04-28
U102038,BE,Free,2024-06-03
U102039,SE,Free,2023-10-28
U102040,DE,Free,2025-01-03
U102041,SE,Free,2023-10-01
U102042,BE,Student,2024-11-17
U102043,PT,Premium_Individual,2023-12-17
U102044,PT,Free,2024-05-08
U102045,FR,Free,2025-10-26
U102046,IT,Student,2024-07-27
U102047,NL,Free,2023-12-30
U102048,FR,Premium_Individual,2025-10-30
U102049,ES,Free,2024-02-04
U102050,PT,Free,2025-11-19
U102051,FR,Premium_Individual,2024-01-06
U102052,IT,Free,2024-03-19
U102053,PL,Premium_Individual,2025-10-09
U102054,ES,Free,2024-05-14
U102055,IT,Premium_Individual,2025-11-09
U102056,PT,Premium_Individual,2024-10-02
U102057,IT,Premium_Individual,2023-11-20
U102058,FR,Free,2025-08-22
U102059,FR,Premium_Individual,2025-09-19
U102060,PT,Student,2025-02-09
U102061,DE,Free,2025-03-29
U102062,NL,Free,2026-01-09
U102063,FR,Premium_Duo,2025-01-10
U102064,IT,Free,2025-07-05
U102065,PT,Premium_Individual,2025-11-02
U102066,NL,Premium_Individual,2025-06-20
U102067,PT,Free,2026-02-03
U102068,DE,Premium_Individual,2023-11-27
U102069,NL,Premium_Individual,2023-09-18
U102070,PL,Free,2025-03-30
U102071,IT,Premium_Family,2024-01-01
U102072,DE,Free,2025-01-06
U102073,PL,Free,2023-11-30
U102074,ES,Premium_Duo,2025-09-20
U102075,NL,Free,2025-06-12
U102076,PT,Premium_Duo,2024-05-02
U102077,DE,Free,2025-08-09
U102078,ES,Premium_Individual,2024-02-17
U102079,FR,Free,2025-02-06
U102080,ES,Premium_Individual,2025-02-26
U102081,DE,Premium_Individual,2025-01-13
U102082,UK,Premium_Duo,2024-03-11
U102083,DE,Student,2026-02-16
U102084,UK,Premium_Individual,2024-04-22
U102085,DE,Premium_Individual,2024-03-28
U102086,ES,Premium_Individual,2024-02-19
U102087,ES,Premium_Family,2023-09-15
U102088,UK,Premium_Individual,2024-03-25
U102089,IT,Premium_Family,2024-11-06
U102090,ES,Free,2025-01-01
U102091,PL,Premium_Individual,2025-03-12
U102092,NL,Premium_Individual,2024-02-14
U102093,DE,Free,2025-03-08
U102094,PL,Free,2024-09-28
U102095,ES,Student,2025-11-28
U102096,FR,Free,2025-05-14
U102097,IT,Free,2025-06-29
U102098,FR,Free,2025-01-29
U102099,DE,Free,2024-11-30
U102100,UK,Premium_Individual,2024-05-23
U102101,FR,Premium_Family,2025-02-01
U102102,SE,Student,2025-10-10
U102103,PT,Premium_Individual,2024-10-23
U102104,BE,Premium_Individual,2026-01-04
U102105,UK,Free,2024-01-25
U102106,UK,Premium_Duo,2024-04-04
U102107,PT,Free,2025-08-04
U102108,ES,Free,2025-07-01
U102109,FR,Student,2026-01-28
U102110,NL,Premium_Duo,2025-04-02
U102111,NL,Free,2026-01-18
U102112,FR,Premium_Individual,2023-11-08
U102113,BE,Premium_Individual,2025-10-25
U102114,FR,Free,2024-07-13
U102115,PT,Free,2024-09-30
U102116,DE,Free,2025-07-25
U102117,FR,Premium_Individual,2024-03-02
U102118,FR,Free,2025-11-16
U102119,DE,Premium_Individual,2023-12-23
U102120,DE,Free,2024-05-01
U102121,FR,Premium_Family,2024-08-03
U102122,DE,Premium_Individual,2023-12-29
U102123,DE,Premium_Family,2025-02-26
U102124,ES,Free,2025-06-15
U102125,ES,Premium_Individual,2025-10-07
U102126,ES,Premium_Duo,2023-11-19
U102127,ES,Free,2025-02-28
U102128,FR,Free,2024-02-12
U102129,FR,Free,2025-05-01
U102130,DE,Free,2023-10-23
U102131,SE,Free,2024-01-07
U102132,PT,Free,2025-05-22
U102133,PT,Free,2024-12-14
U102134,NL,Premium_Individual,2024-03-14
U102135,NL,Free,2025-08-04
U102136,ES,Free,2026-01-31
U102137,SE,Premium_Individual,2025-06-09
U102138,SE,Free,2024-09-12
U102139,PL,Free,2025-10-23
U102140,PL,Free,2025-04-30
U102141,IT,Free,2023-11-24
U102142,SE,Premium_Individual,2025-12-16
U102143,SE,Free,2026-01-08
U102144,ES,Free,2025-02-08
U102145,PT,Student,2026-02-10
U102146,FR,Premium_Family,2026-01-28
U102147,PT,Free,2025-09-11
U102148,SE,Free,2025-11-22
U102149,FR,Premium_Individual,2024-02-28
U102150,UK,Premium_Duo,2025-11-04
U102151,FR,Premium_Duo,2024-11-11
U102152,SE,Free,2024-06-02
U102153,SE,Free,2024-08-12
U102154,BE,Free,2024-07-18
U102155,PL,Premium_Family,2025-04-08
U102156,FR,Premium_Family,2023-12-21
U102157,DE,Free,2025-12-22
U102158,IT,Premium_Individual,2025-11-18
U102159,FR,Free,2024-01-19
U102160,IT,Premium_Individual,2025-12-22
U102161,DE,Premium_Family,2025-09-03
U102162,ES,Premium_Individual,2025-09-20
U102163,IT,Free,2026-01-23
U102164,PL,Premium_Individual,2025-11-09
U102165,DE,Free,2024-09-28
U102166,PL,Premium_Duo,2024-07-11
U102167,IT,Free,2025-12-09
U102168,ES,Premium_Family,2023-11-03
U102169,NL,Free,2025-11-28
U102170,IT,Free,2024-06-18
U102171,DE,Free,2024-03-09
U102172,NL,Free,2024-11-13
U102173,FR,Free,2024-12-09
U102174,ES,Premium_Individual,2025-11-16
U102175,NL,Free,2025-07-21
U102176,IT,Free,2024-01-24
U102177,PL,Free,2025-04-16
U102178,DE,Free,2026-01-22
U102179,PT,Premium_Family,2024-05-11
U102180,SE,Premium_Family,2024-06-21
U102181,PT,Free,2025-12-24
U102182,PL,Premium_Individual,2026-01-07
U102183,FR,Premium_Individual,2025-11-09
U102184,NL,Student,2026-01-07
U102185,FR,Free,2024-08-20
U102186,SE,Free,2025-10-26
U102187,BE,Premium_Individual,2024-08-28
U102188,DE,Premium_Duo,2025-09-17
U102189,PT,Premium_Individual,2023-10-07
U102190,FR,Premium_Individual,2024-05-14
U102191,NL,Free,2025-03-24
U102192,UK,Premium_Individual,2025-02-04
U102193,FR,Premium_Duo,2025-12-25
U102194,BE,Free,2026-01-03
U102195,SE,Premium_Individual,2024-10-29
U102196,FR,Free,2026-02-01
U102197,NL,Premium_Individual,2024-07-31
U102198,DE,Premium_Individual,2025-03-17
U102199,UK,Premium_Individual,2025-10-20
U102200,FR,Student,2024-10-31
U102201,PT,Free,2024-10-16
U102202,PL,Free,2024-04-26
U102203,DE,Free,2025-08-29
U102204,ES,Free,2024-10-21
U102205,BE,Free,2024-01-29
U102206,UK,Free,2025-06-25
U102207,IT,Free,2024-02-07
U102208,FR,Free,2024-05-17
U102209,FR,Free,2025-02-03
U102210,PT,Premium_Individual,2023-12-26
U102211,IT,Free,2023-10-12
U102212,PL,Premium_Individual,2025-07-25
U102213,IT,Premium_Family,2023-10-01
U102214,PT,Premium_Individual,2026-02-19
U102215,FR,Free,2025-10-29
U102216,FR,Free,2026-01-14
U102217,PT,Premium_Individual,2025-03-30
U102218,PT,Premium_Individual,2023-11-08
U102219,ES,Free,2024-09-03
U102220,ES,Free,2024-08-20
U102221,IT,Premium_Individual,2025-12-08
U102222,IT,Free,2024-11-18
U102223,DE,Premium_Individual,2025-03-17
U102224,PL,Free,2024-12-20
U102225,DE,Free,2025-07-03
U102226,UK,Premium_Duo,2025-08-25
U102227,FR,Free,2023-10-25
U102228,FR,Premium_Individual,2024-10-11
U102229,UK,Free,2025-02-19
U102230,ES,Free,2025-12-18
U102231,UK,Premium_Family,2024-04-11
U102232,FR,Free,2024-12-26
U102233,PT,Free,2025-03-13
U102234,UK,Premium_Family,2024-07-06
U102235,PL,Premium_Individual,2025-10-27
U102236,FR,Premium_Individual,2024-11-02
U102237,ES,Free,2024-01-13
U102238,ES,Free,2025-01-03
U102239,NL,Premium_Individual,2026-02-21
U102240,DE,Free,2025-07-31
U102241,FR,Free,2026-01-03
U102242,ES,Premium_Individual,2024-12-02
U102243,DE,Free,2025-04-02
U102244,ES,Free,2025-10-26
U102245,DE,Free,2024-06-18
U102246,DE,Free,2025-09-17
U102247,BE,Premium_Individual,2025-04-22
U102248,ES,Premium_Duo,2023-09-23
U102249,ES,Free,2025-12-24
U102250,NL,Free,2025-07-15
U102251,SE,Premium_Individual,2025-05-14
U102252,ES,Free,2024-11-24
U102253,BE,Premium_Individual,2025-07-18
U102254,PT,Premium_Family,2023-10-09
U102255,NL,Premium_Individual,2026-02-17
U102256,PL,Free,2023-10-29
U102257,SE,Student,2024-11-01
U102258,FR,Free,2026-01-18
U102259,IT,Premium_Family,2025-11-09
U102260,UK,Premium_Individual,2025-11-21
U102261,PT,Premium_Individual,2025-06-10
U102262,IT,Premium_Family,2025-04-30
U102263,FR,Premium_Individual,2024-07-29
U102264,NL,Free,2025-05-20
U102265,FR,Free,2024-05-15
U102266,SE,Premium_Individual,2025-06-04
U102267,NL,Premium_Individual,2025-07-01
U102268,UK,Free,2025-06-21
U102269,PL,Premium_Individual,2025-05-04
U102270,BE,Premium_Individual,2024-02-04
U102271,BE,Free,2025-07-16
U102272,SE,Free,2025-06-22
U102273,PL,Free,2023-10-21
U102274,PL,Free,2024-07-18
U102275,FR,Free,2025-09-04
U102276,NL,Free,2024-01-08
U102277,DE,Free,2025-09-11
U102278,PL,Free,2025-09-30
U102279,BE,Premium_Individual,2025-01-20
U102280,IT,Free,2024-06-14
U102281,DE,Student,2025-09-05
U102282,ES,Premium_Family,2024-04-20
U102283,UK,Premium_Individual,2025-10-05
U102284,DE,Student,2024-03-25
U102285,FR,Premium_Duo,2025-11-28
U102286,PL,Free,2025-01-03
U102287,SE,Premium_Individual,2024-07-30
U102288,DE,Free,2025-06-29
U102289,DE,Premium_Individual,2024-08-24
U102290,PT,Premium_Individual,2024-06-17
U102291,UK,Free,2024-07-21
U102292,BE,Free,2025-03-04
U102293,ES,Student,2024-04-02
U102294,DE,Free,2024-05-09
U102295,FR,Free,2025-05-06
U102296,UK,Free,2024-05-08
U102297,FR,Premium_Individual,2023-11-24
U102298,FR,Premium_Duo,2024-02-23
U102299,UK,Premium_Individual,2024-05-08
U102300,PT,Free,2024-04-08
U102301,SE,Free,2024-03-05
U102302,IT,Free,2025-06-08
U102303,IT,Premium_Individual,2024-05-19
U102304,IT,Premium_Duo,2025-08-27
U102305,ES,Premium_Individual,2025-04-07
U102306,NL,Free,2023-11-10
U102307,IT,Premium_Individual,2025-06-14
U102308,BE,Free,2024-01-30
U102309,PL,Premium_Individual,2025-02-09
U102310,PT,Premium_Individual,2025-08-18
U102311,FR,Premium_Individual,2025-11-27
U102312,ES,Premium_Individual,2024-10-20
U102313,DE,Premium_Family,2025-01-15
U102314,ES,Free,2024-11-22
U102315,DE,Free,2026-01-14
U102316,FR,Free,2025-06-27
U102317,SE,Premium_Individual,2026-02-18
U102318,IT,Premium_Individual,2025-05-27
U102319,PL,Premium_Individual,2023-11-13
U102320,FR,Premium_Individual,2025-10-08
U102321,FR,Free,2024-06-16
U102322,IT,Premium_Individual,2026-02-16
U102323,FR,Premium_Individual,2024-10-08
U102324,DE,Free,2023-11-22
U102325,PT,Free,2025-04-23
U102326,DE,Free,2025-08-29
U102327,DE,Free,2024-09-30
U102328,NL,Premium_Individual,2025-06-17
U102329,IT,Premium_Family,2023-12-18
U102330,BE,Premium_Individual,2024-01-25
U102331,ES,Free,2024-07-19
U102332,PL,Premium_Individual,2024-07-31
U102333,FR,Premium_Individual,2024-09-01
U102334,IT,Free,2024-05-06
U102335,UK,Premium_Duo,2025-01-07
U102336,PL,Free,2023-10-10
U102337,ES,Free,2025-04-19
U102338,NL,Free,2026-02-14
U102339,FR,Free,2024-06-08
U102340,FR,Premium_Family,2024-07-10
U102341,FR,Free,2023-09-29
U102342,UK,Free,2025-03-05
U102343,DE,Free,2025-02-07
U102344,UK,Free,2024-10-08
U102345,FR,Free,2025-03-08
U102346,PL,Free,2024-03-23
U102347,PL,Premium_Individual,2025-02-04
U102348,FR,Free,2024-03-24
U102349,FR,Premium_Individual,2025-02-06
U102350,FR,Free,2025-08-04
U102351,PL,Premium_Individual,2023-09-21
U102352,DE,Premium_Duo,2024-11-08
U102353,NL,Free,2024-05-31
U102354,IT,Free,2024-09-12
U102355,SE,Premium_Family,2025-04-07
U102356,IT,Premium_Individual,2023-10-07
U102357,NL,Premium_Individual,2025-03-27
U102358,PT,Free,2023-09-19
U102359,FR,Free,2025-02-02
U102360,PL,Premium_Individual,2026-02-01
U102361,FR,Premium_Family,2026-01-20
U102362,IT,Free,2023-10-06
U102363,PL,Premium_Individual,2024-11-07
U102364,UK,Premium_Individual,2025-03-12
U102365,UK,Free,2024-02-28
U102366,DE,Free,2024-08-19
U102367,IT,Free,2024-07-12
U102368,ES,Free,2024-06-19
U102369,NL,Premium_Individual,2025-08-28
U102370,IT,Free,2025-12-05
U102371,ES,Free,2024-05-12
U102372,ES,Premium_Individual,2026-02-02
U102373,DE,Premium_Individual,2024-05-20
U102374,ES,Premium_Individual,2025-10-28
U102375,FR,Premium_Individual,2025-07-02
U102376,PL,Free,2024-05-30
U102377,BE,Premium_Individual,2024-08-14
U102378,FR,Free,2024-03-26
U102379,UK,Free,2024-08-25
U102380,PL,Free,2026-01-10
U102381,DE,Premium_Individual,2024-02-03
U102382,FR,Premium_Individual,2025-08-13
U102383,FR,Free,2025-10-23
U102384,FR,Premium_Duo,2023-12-30
U102385,SE,Premium_Duo,2025-09-01
U102386,PT,Free,2024-10-31
U102387,FR,Premium_Individual,2024-12-15
U102388,UK,Free,2024-04-05
U102389,FR,Student,2026-01-13
U102390,BE,Free,2025-11-18
U102391,SE,Free,2025-02-15
U102392,ES,Free,2024-12-26
U102393,FR,Free,2024-03-20
U102394,BE,Premium_Individual,2024-08-30
U102395,PT,Premium_Individual,2025-10-12
U102396,DE,Free,2023-10-01
U102397,DE,Premium_Individual,2025-01-07
U102398,FR,Premium_Family,2023-10-14
U102399,NL,Premium_Individual,2023-09-22
U102400,BE,Premium_Individual,2026-01-06
U102401,SE,Free,2024-11-27
U102402,SE,Free,2025-02-10
U102403,PL,Premium_Family,2024-12-03
U102404,SE,Premium_Individual,2025-05-21
U102405,DE,Premium_Individual,2024-10-10
U102406,NL,Premium_Family,2024-12-09
U102407,DE,Free,2025-09-08
U102408,ES,Premium_Individual,2025-06-09
U102409,PT,Free,2025-10-13
U102410,UK,Free,2024-01-30
U102411,PT,Premium_Individual,2024-06-27
U102412,IT,Free,2025-03-12
U102413,NL,Premium_Family,2025-03-05
U102414,IT,Free,2025-12-13
U102415,FR,Premium_Duo,2025-06-08
U102416,DE,Premium_Individual,2023-11-19
U102417,NL,Premium_Individual,2026-01-24
U102418,FR,Premium_Family,2025-10-14
U102419,PT,Free,2024-01-28
U102420,FR,Free,2024-11-14
U102421,DE,Free,2026-01-24
U102422,SE,Free,2024-12-11
U102423,FR,Premium_Family,2024-04-23
U102424,PL,Premium_Individual,2025-04-19
U102425,UK,Free,2025-03-17
U102426,FR,Free,2024-08-07
U102427,UK,Premium_Individual,2024-09-05
U102428,BE,Premium_Individual,2023-12-08
U102429,SE,Free,2025-07-15
U102430,PL,Premium_Individual,2025-06-20
U102431,UK,Premium_Individual,2025-10-06
U102432,BE,Premium_Individual,2024-07-08
U102433,ES,Free,2024-11-02
U102434,UK,Premium_Individual,2025-04-18
U102435,PT,Free,2024-06-10
U102436,BE,Free,2025-03-22
U102437,UK,Premium_Individual,2025-08-31
U102438,IT,Premium_Individual,2024-10-27
U102439,SE,Free,2025-01-28
U102440,PT,Premium_Duo,2025-02-24
U102441,FR,Free,2025-01-20
U102442,DE,Premium_Individual,2023-11-28
U102443,NL,Student,2025-08-13
U102444,IT,Premium_Individual,2025-06-20
U102445,NL,Premium_Duo,2024-10-05
U102446,FR,Premium_Individual,2026-01-11
U102447,IT,Premium_Individual,2025-10-14
U102448,BE,Premium_Individual,2024-10-04
U102449,BE,Premium_Individual,2024-11-23
U102450,UK,Free,2024-07-19
U102451,UK,Premium_Individual,2025-11-12
U102452,BE,Free,2024-01-21
U102453,SE,Student,2024-12-15
U102454,BE,Free,2025-10-06
U102455,NL,Free,2025-05-19
U102456,BE,Premium_Duo,2025-08-02
U102457,FR,Free,2025-01-14
U102458,DE,Free,2024-12-29
U102459,NL,Premium_Individual,2025-01-30
U102460,PL,Free,2025-01-06
U102461,UK,Free,2023-12-04
U102462,FR,Premium_Individual,2023-10-19
U102463,BE,Free,2024-12-11
U102464,DE,Free,2023-10-16
U102465,UK,Free,2024-02-22
U102466,PL,Free,2024-02-20
U102467,BE,Free,2025-08-04
U102468,BE,Free,2025-01-26
U102469,ES,Premium_Individual,2025-04-13
U102470,IT,Premium_Individual,2025-11-27
U102471,PL,Free,2025-12-16
U102472,UK,Free,2024-08-15
U102473,NL,Premium_Family,2025-02-11
U102474,ES,Premium_Individual,2024-02-15
U102475,FR,Free,2024-07-04
U102476,FR,Premium_Individual,2025-12-07
U102477,DE,Free,2024-02-04
U102478,ES,Premium_Duo,2024-12-05
U102479,PT,Premium_Family,2024-10-04
U102480,NL,Premium_Family,2023-10-13
U102481,DE,Free,2024-07-30
U102482,FR,Free,2026-02-02
U102483,ES,Free,2025-09-16
U102484,SE,Free,2025-02-06
U102485,ES,Free,2026-01-19
U102486,SE,Premium_Individual,2025-09-25
U102487,SE,Free,2024-03-17
U102488,FR,Premium_Family,2025-10-17
U102489,BE,Free,2025-09-25
U102490,PT,Free,2024-11-28
U102491,IT,Premium_Duo,2025-12-02
U102492,FR,Premium_Individual,2025-07-08
U102493,PT,Free,2023-11-07
U102494,PL,Premium_Individual,2024-08-07
U102495,NL,Free,2023-10-15
U102496,NL,Free,2025-04-11
U102497,DE,Premium_Individual,2024-08-20
U102498,SE,Free,2025-07-23
U102499,IT,Premium_Individual,2025-03-20
